INSERTED,DELETED,MODIFIED,FILENAME
2,2,0,gh-java/before/apache-commons-cli/7c571fe33b6f07a0529f515819d54700227342c2/TypeHandler.java
71,14,0,gh-java/before/apache-commons-cli/7e3bcff98a5e290755664dc27eb9b86ba64330d1/TypeHandler.java
7,2,0,gh-java/before/apache-commons-cli/7e3bcff98a5e290755664dc27eb9b86ba64330d1/Option.java
58,6,0,gh-java/before/apache-commons-cli/7e3bcff98a5e290755664dc27eb9b86ba64330d1/HelpFormatter.java
7,7,0,gh-java/before/apache-commons-cli/7e3bcff98a5e290755664dc27eb9b86ba64330d1/CommandLine.java
41,12,0,gh-java/before/apache-commons-cli/7e3bcff98a5e290755664dc27eb9b86ba64330d1/PatternOptionBuilder.java
4,4,0,gh-java/before/apache-commons-cli/08a1eabc26336b225cfadd3f90b2582dd2c50500/PosixParser.java
2,2,0,gh-java/before/apache-commons-cli/70a7b5fe868e872348374741cc27d2d453fb49bd/TypeHandler.java
70,5,0,gh-java/before/apache-commons-cli/7f90b98c1f77a0c1af9c774a12e8e257d7a0d1ac/Option.java
11,2,0,gh-java/before/apache-commons-cli/5aa47b707d299503caf33e9ee1b44903b3a13eee/Option.java
23,38,0,gh-java/before/apache-commons-cli/5aa47b707d299503caf33e9ee1b44903b3a13eee/CommandLine.java
7,5,0,gh-java/before/apache-commons-cli/83b7cebfb619359348f9f56658aa94bd999d159f/CommandLine.java
1,1,0,gh-java/before/apache-commons-cli/e6ca08f00a87ad141ab46c8739374adfd396782b/AlreadySelectedException.java
2,1,0,gh-java/before/apache-commons-cli/66d0ae6216730abd8bd736e210be73229c8e807b/PatternOptionBuilderTest.java
2,28,0,gh-java/before/apache-commons-cli/66d0ae6216730abd8bd736e210be73229c8e807b/ValueTest.java
18,38,0,gh-java/before/apache-commons-cli/66d0ae6216730abd8bd736e210be73229c8e807b/ParseTest.java
11,9,0,gh-java/before/apache-commons-cli/66d0ae6216730abd8bd736e210be73229c8e807b/OptionGroupTest.java
3,1,0,gh-java/before/apache-commons-cli/66d0ae6216730abd8bd736e210be73229c8e807b/ValuesTest.java
205,70,0,gh-java/before/apache-commons-cli/66d0ae6216730abd8bd736e210be73229c8e807b/PosixParser.java
2,1,0,gh-java/before/apache-commons-cli/66d0ae6216730abd8bd736e210be73229c8e807b/ApplicationTest.java
14,8,0,gh-java/before/apache-commons-cli/66d0ae6216730abd8bd736e210be73229c8e807b/CommandLineParser.java
0,70,0,gh-java/before/apache-commons-cli/66d0ae6216730abd8bd736e210be73229c8e807b/BuildTest.java
21,340,0,gh-java/before/apache-commons-cli/66d0ae6216730abd8bd736e210be73229c8e807b/Options.java
170,55,0,gh-java/before/apache-commons-cli/66d0ae6216730abd8bd736e210be73229c8e807b/GnuParser.java
4,3,0,gh-java/before/apache-commons-cli/66d0ae6216730abd8bd736e210be73229c8e807b/ParseRequiredTest.java
130,7,0,gh-java/before/apache-commons-cli/c7127329dad2c5d6284532da09ddc0fdefd67436/HelpFormatter.java
1,1,0,gh-java/before/apache-commons-cli/c7127329dad2c5d6284532da09ddc0fdefd67436/OptionGroup.java
68,60,0,gh-java/before/apache-commons-cli/c7127329dad2c5d6284532da09ddc0fdefd67436/TestHelpFormatter.java
13,3,0,gh-java/before/apache-commons-cli/04490af06faa8fd1be15da88172beb32218dd336/OptionBuilder.java
128,52,0,gh-java/before/apache-commons-cli/04490af06faa8fd1be15da88172beb32218dd336/Option.java
8,4,0,gh-java/before/apache-commons-cli/04490af06faa8fd1be15da88172beb32218dd336/CommandLine.java
19,1,0,gh-java/before/apache-commons-cli/04490af06faa8fd1be15da88172beb32218dd336/BugsTest.java
8,6,0,gh-java/before/apache-commons-cli/745d1a535c9cf45d24455afc150b808981c8e0df/AlreadySelectedException.java
78,0,0,gh-java/before/apache-commons-cli/745d1a535c9cf45d24455afc150b808981c8e0df/BasicParser.java
25,18,0,gh-java/before/apache-commons-cli/fbc0bd02b0d9d97ae044aebbbfbc5b13d3eacafe/PatternOptionBuilderTest.java
164,0,0,gh-java/before/apache-commons-cli/fbc0bd02b0d9d97ae044aebbbfbc5b13d3eacafe/OptionBuilder.java
1,57,0,gh-java/before/apache-commons-cli/fbc0bd02b0d9d97ae044aebbbfbc5b13d3eacafe/Option.java
9,3,0,gh-java/before/apache-commons-cli/fbc0bd02b0d9d97ae044aebbbfbc5b13d3eacafe/PatternOptionBuilder.java
5,6,0,gh-java/before/apache-commons-cli/fbc0bd02b0d9d97ae044aebbbfbc5b13d3eacafe/ValuesTest.java
5,1,0,gh-java/before/apache-commons-cli/fbc0bd02b0d9d97ae044aebbbfbc5b13d3eacafe/ApplicationTest.java
2,53,0,gh-java/before/apache-commons-cli/fbc0bd02b0d9d97ae044aebbbfbc5b13d3eacafe/Options.java
5,5,0,gh-java/before/apache-commons-cli/fbc0bd02b0d9d97ae044aebbbfbc5b13d3eacafe/ParseRequiredTest.java
2,2,0,gh-java/before/apache-commons-cli/991e627d88b40d246f0fe29367994cbec0c1d3ff/TypeHandler.java
9,9,0,gh-java/before/apache-commons-cli/4cca25d72b216bfc8f2e75e4a99afb608ceb6df8/PatternOptionBuilderTest.java
14,14,0,gh-java/before/apache-commons-cli/4cca25d72b216bfc8f2e75e4a99afb608ceb6df8/ValueTest.java
23,23,0,gh-java/before/apache-commons-cli/4cca25d72b216bfc8f2e75e4a99afb608ceb6df8/HelpFormatterExamples.java
30,30,0,gh-java/before/apache-commons-cli/4cca25d72b216bfc8f2e75e4a99afb608ceb6df8/ParseTest.java
40,40,0,gh-java/before/apache-commons-cli/4cca25d72b216bfc8f2e75e4a99afb608ceb6df8/OptionGroupTest.java
28,15,0,gh-java/before/apache-commons-cli/4cca25d72b216bfc8f2e75e4a99afb608ceb6df8/Option.java
1,1,0,gh-java/before/apache-commons-cli/4cca25d72b216bfc8f2e75e4a99afb608ceb6df8/HelpFormatter.java
20,19,0,gh-java/before/apache-commons-cli/4cca25d72b216bfc8f2e75e4a99afb608ceb6df8/CommandLine.java
2,2,0,gh-java/before/apache-commons-cli/4cca25d72b216bfc8f2e75e4a99afb608ceb6df8/PatternOptionBuilder.java
20,20,0,gh-java/before/apache-commons-cli/4cca25d72b216bfc8f2e75e4a99afb608ceb6df8/ValuesTest.java
4,4,0,gh-java/before/apache-commons-cli/4cca25d72b216bfc8f2e75e4a99afb608ceb6df8/TestHelpFormatter.java
10,10,0,gh-java/before/apache-commons-cli/4cca25d72b216bfc8f2e75e4a99afb608ceb6df8/BuildTest.java
45,120,0,gh-java/before/apache-commons-cli/4cca25d72b216bfc8f2e75e4a99afb608ceb6df8/Options.java
8,8,0,gh-java/before/apache-commons-cli/4cca25d72b216bfc8f2e75e4a99afb608ceb6df8/ParseRequiredTest.java
7,12,0,gh-java/before/apache-commons-cli/5e9876251049e7580a948cd7a1f019444599d554/Options.java
37,18,0,gh-java/before/apache-commons-cli/094746596cb39b2bfbd1843233b7dd2009736c00/ApplicationTest.java
1,1,0,gh-java/before/apache-commons-cli/f24d6a437b9eb4ed3eebfe3bd2267a51df1e3912/Options.java
5,2,0,gh-java/before/apache-commons-cli/929f3973abd81100e7dd6cd1714bddd65a133d57/Options.java
0,3,0,gh-java/before/apache-commons-cli/16b91ad2b9f5f524b2b07ba4515c65479999f7ee/ParseTest.java
25,16,0,gh-java/before/apache-commons-cli/16b91ad2b9f5f524b2b07ba4515c65479999f7ee/OptionBuilder.java
66,10,0,gh-java/before/apache-commons-cli/16b91ad2b9f5f524b2b07ba4515c65479999f7ee/Option.java
20,1,0,gh-java/before/apache-commons-cli/16b91ad2b9f5f524b2b07ba4515c65479999f7ee/CommandLine.java
64,34,0,gh-java/before/apache-commons-cli/16b91ad2b9f5f524b2b07ba4515c65479999f7ee/ValuesTest.java
12,5,0,gh-java/before/apache-commons-cli/16b91ad2b9f5f524b2b07ba4515c65479999f7ee/OptionBuilderTest.java
16,16,0,gh-java/before/apache-commons-cli/16b91ad2b9f5f524b2b07ba4515c65479999f7ee/PosixParser.java
1,1,0,gh-java/before/apache-commons-cli/16b91ad2b9f5f524b2b07ba4515c65479999f7ee/ApplicationTest.java
17,18,0,gh-java/before/apache-commons-cli/16b91ad2b9f5f524b2b07ba4515c65479999f7ee/GnuParser.java
2,5,0,gh-java/before/apache-commons-cli/e56c41bcf610081622b663fc053521552705909f/GnuParseTest.java
8,5,0,gh-java/before/apache-commons-cli/e56c41bcf610081622b663fc053521552705909f/CommandLineParserFactory.java
1,4,0,gh-java/before/apache-commons-cli/e56c41bcf610081622b663fc053521552705909f/ApplicationTest.java
53,1,0,gh-java/before/apache-commons-cli/469e71799a438ccb2d0925e50d4bb9dce37cdba2/BugsTest.java
15,3,0,gh-java/before/apache-commons-cli/4fbf5978d9473a2504a554cbe53dc29c49dd67b5/OptionBuilder.java
23,0,0,gh-java/before/apache-commons-cli/4fbf5978d9473a2504a554cbe53dc29c49dd67b5/Option.java
6,50,0,gh-java/before/apache-commons-cli/4fbf5978d9473a2504a554cbe53dc29c49dd67b5/PosixParser.java
40,1,0,gh-java/before/apache-commons-cli/4fbf5978d9473a2504a554cbe53dc29c49dd67b5/BugsTest.java
5,5,0,gh-java/before/apache-commons-cli/4fbf5978d9473a2504a554cbe53dc29c49dd67b5/GnuParser.java
13,14,0,gh-java/before/apache-commons-cli/e56f1e194d5832c7d74bc5142fbcd1afc72ab54e/Options.java
11,3,0,gh-java/before/apache-commons-cli/4dcbfa673771c8fcd2477cf7dd122ef8fe8967b7/HelpFormatter.java
32,1,0,gh-java/before/apache-commons-cli/f9df51847e354190206432ba87661586e6dc814d/Option.java
37,10,0,gh-java/before/apache-commons-cli/f9df51847e354190206432ba87661586e6dc814d/CommandLine.java
13,7,0,gh-java/before/apache-commons-cli/f9df51847e354190206432ba87661586e6dc814d/ValuesTest.java
5,45,0,gh-java/before/apache-commons-cli/f9df51847e354190206432ba87661586e6dc814d/OptionGroup.java
29,11,0,gh-java/before/apache-commons-cli/f9df51847e354190206432ba87661586e6dc814d/PosixParser.java
5,2,0,gh-java/before/apache-commons-cli/f9df51847e354190206432ba87661586e6dc814d/ApplicationTest.java
29,8,0,gh-java/before/apache-commons-cli/f9df51847e354190206432ba87661586e6dc814d/Options.java
9,27,0,gh-java/before/apache-commons-cli/f9df51847e354190206432ba87661586e6dc814d/GnuParser.java
12,0,0,gh-java/before/apache-commons-cli/1060ee73965dc30d92afbad80525bd4cdabe9153/PatternOptionBuilderTest.java
48,4,0,gh-java/before/apache-commons-cli/1060ee73965dc30d92afbad80525bd4cdabe9153/OptionBuilder.java
21,0,0,gh-java/before/apache-commons-cli/1060ee73965dc30d92afbad80525bd4cdabe9153/Option.java
49,4,0,gh-java/before/apache-commons-cli/1060ee73965dc30d92afbad80525bd4cdabe9153/CommandLine.java
84,3,0,gh-java/before/apache-commons-cli/1060ee73965dc30d92afbad80525bd4cdabe9153/ValuesTest.java
42,7,0,gh-java/before/apache-commons-cli/1060ee73965dc30d92afbad80525bd4cdabe9153/PosixParser.java
0,1,0,gh-java/before/apache-commons-cli/1060ee73965dc30d92afbad80525bd4cdabe9153/ApplicationTest.java
41,6,0,gh-java/before/apache-commons-cli/1060ee73965dc30d92afbad80525bd4cdabe9153/GnuParser.java
8,3,0,gh-java/before/apache-commons-cli/dde69934d7f0bee13e4cd1fc99a7d60ce95a0c78/CommandLineParserFactory.java
81,281,0,gh-java/before/apache-commons-cli/dde69934d7f0bee13e4cd1fc99a7d60ce95a0c78/PosixParser.java
21,278,0,gh-java/before/apache-commons-cli/dde69934d7f0bee13e4cd1fc99a7d60ce95a0c78/GnuParser.java
10,6,0,gh-java/before/h2/b6a3142e4bfd9f283ed340dc97724a0da5dad85e/TestCrashAPI.java
16,16,0,gh-java/before/h2/b6a3142e4bfd9f283ed340dc97724a0da5dad85e/Recover.java
1,1,0,gh-java/before/h2/b6a3142e4bfd9f283ed340dc97724a0da5dad85e/Database.java
19,4,0,gh-java/before/h2/b6a3142e4bfd9f283ed340dc97724a0da5dad85e/DiskFile.java
15,10,0,gh-java/before/h2/b6a3142e4bfd9f283ed340dc97724a0da5dad85e/TestAll.java
4,0,0,gh-java/before/h2/ccae0ef2b0fdb235aa30bb0fb743c987f2238c33/Select.java
7,0,0,gh-java/before/h2/ccae0ef2b0fdb235aa30bb0fb743c987f2238c33/Message.java
3,3,0,gh-java/before/h2/ccae0ef2b0fdb235aa30bb0fb743c987f2238c33/TestCrashAPI.java
14,0,0,gh-java/before/h2/ccae0ef2b0fdb235aa30bb0fb743c987f2238c33/StringUtils.java
2,2,0,gh-java/before/h2/ccae0ef2b0fdb235aa30bb0fb743c987f2238c33/StringCache.java
4,0,0,gh-java/before/h2/ccae0ef2b0fdb235aa30bb0fb743c987f2238c33/NoOperation.java
3,1,0,gh-java/before/h2/ccae0ef2b0fdb235aa30bb0fb743c987f2238c33/BtreeIndex.java
3,0,0,gh-java/before/h2/ccae0ef2b0fdb235aa30bb0fb743c987f2238c33/ExpressionVisitor.java
1,0,0,gh-java/before/h2/ccae0ef2b0fdb235aa30bb0fb743c987f2238c33/Parameter.java
16,8,0,gh-java/before/h2/ccae0ef2b0fdb235aa30bb0fb743c987f2238c33/Recover.java
4,0,0,gh-java/before/h2/ccae0ef2b0fdb235aa30bb0fb743c987f2238c33/DefineCommand.java
5,1,0,gh-java/before/h2/ccae0ef2b0fdb235aa30bb0fb743c987f2238c33/CommandRemote.java
2,2,0,gh-java/before/h2/ccae0ef2b0fdb235aa30bb0fb743c987f2238c33/TableView.java
5,0,0,gh-java/before/h2/ccae0ef2b0fdb235aa30bb0fb743c987f2238c33/DataType.java
0,8,0,gh-java/before/h2/ccae0ef2b0fdb235aa30bb0fb743c987f2238c33/FileUtils.java
1,0,0,gh-java/before/h2/ccae0ef2b0fdb235aa30bb0fb743c987f2238c33/SequenceValue.java
4,0,0,gh-java/before/h2/ccae0ef2b0fdb235aa30bb0fb743c987f2238c33/SelectUnion.java
2,1,0,gh-java/before/h2/ccae0ef2b0fdb235aa30bb0fb743c987f2238c33/Command.java
4,0,0,gh-java/before/h2/ccae0ef2b0fdb235aa30bb0fb743c987f2238c33/CommandContainer.java
21,0,0,gh-java/before/h2/ccae0ef2b0fdb235aa30bb0fb743c987f2238c33/MetaTable.java
1,1,0,gh-java/before/h2/ccae0ef2b0fdb235aa30bb0fb743c987f2238c33/DataPage.java
2,1,0,gh-java/before/h2/ccae0ef2b0fdb235aa30bb0fb743c987f2238c33/TcpServerThread.java
3,3,0,gh-java/before/h2/ccae0ef2b0fdb235aa30bb0fb743c987f2238c33/BtreeNode.java
6,0,0,gh-java/before/h2/ccae0ef2b0fdb235aa30bb0fb743c987f2238c33/Call.java
4,0,0,gh-java/before/h2/ccae0ef2b0fdb235aa30bb0fb743c987f2238c33/ExplainPlan.java
3,3,0,gh-java/before/h2/ccae0ef2b0fdb235aa30bb0fb743c987f2238c33/TableData.java
1,0,0,gh-java/before/h2/ccae0ef2b0fdb235aa30bb0fb743c987f2238c33/ExpressionColumn.java
2,0,0,gh-java/before/h2/ccae0ef2b0fdb235aa30bb0fb743c987f2238c33/Rownum.java
1,0,0,gh-java/before/h2/ccae0ef2b0fdb235aa30bb0fb743c987f2238c33/ValueExpression.java
4,0,0,gh-java/before/h2/ccae0ef2b0fdb235aa30bb0fb743c987f2238c33/Prepared.java
1,1,0,gh-java/before/h2/ccae0ef2b0fdb235aa30bb0fb743c987f2238c33/Value.java
4,0,0,gh-java/before/h2/ccae0ef2b0fdb235aa30bb0fb743c987f2238c33/CommandList.java
41,7,0,gh-java/before/h2/ccae0ef2b0fdb235aa30bb0fb743c987f2238c33/TestAll.java
10,6,0,gh-java/before/h2/ccae0ef2b0fdb235aa30bb0fb743c987f2238c33/BtreeLeaf.java
0,1,0,gh-java/before/h2/ccae0ef2b0fdb235aa30bb0fb743c987f2238c33/ValueLob.java
9,1,0,gh-java/before/h2/ccae0ef2b0fdb235aa30bb0fb743c987f2238c33/Function.java
1,1,0,gh-java/before/h2/ccae0ef2b0fdb235aa30bb0fb743c987f2238c33/TraceObject.java
62,36,0,gh-java/before/h2/ccae0ef2b0fdb235aa30bb0fb743c987f2238c33/Constants.java
2,1,0,gh-java/before/h2/f953f9506cb1d0ee319cf662a7048d142c4dc31f/Database.java
1,3,0,gh-java/before/h2/f953f9506cb1d0ee319cf662a7048d142c4dc31f/TestAll.java
0,1,0,gh-java/before/h2/f953f9506cb1d0ee319cf662a7048d142c4dc31f/Constants.java
1,10,0,gh-java/before/h2/c7400dc2db20c937b49d60285e8ee03884173ae8/LogFile.java
3,0,0,gh-java/before/h2/c7400dc2db20c937b49d60285e8ee03884173ae8/Parser.java
48,18,0,gh-java/before/h2/c7400dc2db20c937b49d60285e8ee03884173ae8/Recover.java
11,7,0,gh-java/before/h2/c7400dc2db20c937b49d60285e8ee03884173ae8/FileUtils.java
1,1,0,gh-java/before/h2/c7400dc2db20c937b49d60285e8ee03884173ae8/Database.java
72,68,0,gh-java/before/h2/c7400dc2db20c937b49d60285e8ee03884173ae8/LogSystem.java
4,1,0,gh-java/before/h2/c7400dc2db20c937b49d60285e8ee03884173ae8/DiskFile.java
14,5,0,gh-java/before/h2/87e8a128259e04eb28f6fe9641d9fb286c4a1442/ValueLob.java
3,1,0,gh-java/before/h2/87f1f35cd4143d753f12f485c4a1234b8d1ffce8/JdbcResultSetMetaData.java
3,1,0,gh-java/before/h2/87f1f35cd4143d753f12f485c4a1234b8d1ffce8/JdbcParameterMetaData.java
3,1,0,gh-java/before/h2/87f1f35cd4143d753f12f485c4a1234b8d1ffce8/TestCache.java
2,0,0,gh-java/before/h2/87f1f35cd4143d753f12f485c4a1234b8d1ffce8/BtreeIndex.java
4,0,0,gh-java/before/h2/87f1f35cd4143d753f12f485c4a1234b8d1ffce8/ExactUTF8InputStreamReader.java
443,15,0,gh-java/before/h2/87f1f35cd4143d753f12f485c4a1234b8d1ffce8/JdbcResultSet.java
2,6,0,gh-java/before/h2/87f1f35cd4143d753f12f485c4a1234b8d1ffce8/TestMultiConn.java
23,0,0,gh-java/before/h2/87f1f35cd4143d753f12f485c4a1234b8d1ffce8/JdbcXAConnection.java
141,1,0,gh-java/before/h2/87f1f35cd4143d753f12f485c4a1234b8d1ffce8/SimpleResultSet.java
2,2,0,gh-java/before/h2/87f1f35cd4143d753f12f485c4a1234b8d1ffce8/TestRandomSQL.java
23,10,0,gh-java/before/h2/87f1f35cd4143d753f12f485c4a1234b8d1ffce8/JdbcDatabaseMetaData.java
4,3,0,gh-java/before/h2/87f1f35cd4143d753f12f485c4a1234b8d1ffce8/BtreeNode.java
56,31,0,gh-java/before/h2/87f1f35cd4143d753f12f485c4a1234b8d1ffce8/JdbcConnection.java
81,1,0,gh-java/before/h2/87f1f35cd4143d753f12f485c4a1234b8d1ffce8/JdbcCallableStatement.java
2,2,0,gh-java/before/h2/87f1f35cd4143d753f12f485c4a1234b8d1ffce8/Transfer.java
1,1,0,gh-java/before/h2/87f1f35cd4143d753f12f485c4a1234b8d1ffce8/RunScript.java
23,1,0,gh-java/before/h2/87f1f35cd4143d753f12f485c4a1234b8d1ffce8/JdbcDataSource.java
160,29,0,gh-java/before/h2/87f1f35cd4143d753f12f485c4a1234b8d1ffce8/JdbcPreparedStatement.java
9,32,0,gh-java/before/h2/87f1f35cd4143d753f12f485c4a1234b8d1ffce8/TestAll.java
4,3,0,gh-java/before/h2/87f1f35cd4143d753f12f485c4a1234b8d1ffce8/BtreeLeaf.java
4,0,0,gh-java/before/h2/87f1f35cd4143d753f12f485c4a1234b8d1ffce8/TraceObject.java
4,0,0,gh-java/before/h2/87f1f35cd4143d753f12f485c4a1234b8d1ffce8/TempFileDeleter.java
3,2,0,gh-java/before/h2/87f1f35cd4143d753f12f485c4a1234b8d1ffce8/Constants.java
22,1,0,gh-java/before/h2/87f1f35cd4143d753f12f485c4a1234b8d1ffce8/JdbcStatement.java
1,1,0,gh-java/before/h2/87f1f35cd4143d753f12f485c4a1234b8d1ffce8/TestSynth.java
7,1,0,gh-java/before/h2/7365295ea3a5d81967952c3cfbeb19e5f3674828/FtpControl.java
1,1,0,gh-java/before/h2/7365295ea3a5d81967952c3cfbeb19e5f3674828/FileObjectNative.java
1,1,0,gh-java/before/h2/7365295ea3a5d81967952c3cfbeb19e5f3674828/JdbcDataSourceFactory.java
4,1,0,gh-java/before/h2/7365295ea3a5d81967952c3cfbeb19e5f3674828/ScriptBase.java
3,1,0,gh-java/before/h2/7365295ea3a5d81967952c3cfbeb19e5f3674828/SessionRemote.java
2,0,0,gh-java/before/h2/7365295ea3a5d81967952c3cfbeb19e5f3674828/Constants.java
1,1,0,gh-java/before/h2/71ec2fd8d8fe4c5df897a9a3753e2d1499e3ec25/TestCases.java
3,2,0,gh-java/before/h2/71ec2fd8d8fe4c5df897a9a3753e2d1499e3ec25/TestAll.java
17,14,0,gh-java/before/h2/71ec2fd8d8fe4c5df897a9a3753e2d1499e3ec25/TestLob.java
1,1,0,gh-java/before/h2/4463dbfae59cdc0b59bfa4678dfca8cfda7e49be/TestCases.java
0,2,0,gh-java/before/h2/4463dbfae59cdc0b59bfa4678dfca8cfda7e49be/BtreeIndex.java
5,1,0,gh-java/before/h2/4463dbfae59cdc0b59bfa4678dfca8cfda7e49be/ScanIndex.java
2,1,0,gh-java/before/h2/4463dbfae59cdc0b59bfa4678dfca8cfda7e49be/FtpControl.java
2,3,0,gh-java/before/h2/4463dbfae59cdc0b59bfa4678dfca8cfda7e49be/BtreeNode.java
5,1,0,gh-java/before/h2/4463dbfae59cdc0b59bfa4678dfca8cfda7e49be/Value.java
3,35,0,gh-java/before/h2/4463dbfae59cdc0b59bfa4678dfca8cfda7e49be/TestAll.java
27,0,0,gh-java/before/h2/4463dbfae59cdc0b59bfa4678dfca8cfda7e49be/Session.java
2,3,0,gh-java/before/h2/4463dbfae59cdc0b59bfa4678dfca8cfda7e49be/BtreeLeaf.java
100,0,0,gh-java/before/h2/4463dbfae59cdc0b59bfa4678dfca8cfda7e49be/TestLob.java
4,0,0,gh-java/before/h2/4463dbfae59cdc0b59bfa4678dfca8cfda7e49be/ValueLob.java
3,0,0,gh-java/before/h2/4463dbfae59cdc0b59bfa4678dfca8cfda7e49be/Constants.java
10,12,0,gh-java/before/ok-http/b5f749f202192129db468713e642bae99e8d5fbc/MockWebServer.java
16,0,0,gh-java/before/ok-http/187d3306cbce3e20544dc39459f4e51d7f71b96b/Libcore.java
2,2,0,gh-java/before/ok-http/df2e128cc933b7a8c43a2e2a40d08aacca2d9d41/Libcore.java
10,5,0,gh-java/before/ok-http/d9f5a075792d4064c62f96d0a411aa55f37e3cbd/RecordedRequest.java
3,2,0,gh-java/before/ok-http/3748484ffb160810d7f94c9f25c5566c210880ed/QueueDispatcher.java
15,1,0,gh-java/before/ok-http/3748484ffb160810d7f94c9f25c5566c210880ed/MockWebServerTest.java
25,73,0,gh-java/before/ok-http/57edb21a2a7b53ed9d996c9b7148f7d3bc7fc438/MockWebServer.java
5,0,0,gh-java/before/ok-http/7bb99fd0bdc60bc5824aadc2b3121f6dded6a143/SocketPolicy.java
19,1,0,gh-java/before/ok-http/7bb99fd0bdc60bc5824aadc2b3121f6dded6a143/RecordedRequest.java
47,6,0,gh-java/before/ok-http/7bb99fd0bdc60bc5824aadc2b3121f6dded6a143/MockWebServer.java
0,6,0,gh-java/before/ok-http/d79a5e23a78b4b0d91b15434ab48a9534e048b19/Libcore.java
16,16,0,gh-java/before/ok-http/08b1d7f3206981c69e72680e94a220353a8db7c3/ResponseHeaders.java
2,3,0,gh-java/before/ok-http/08b1d7f3206981c69e72680e94a220353a8db7c3/HttpURLConnectionImpl.java
1,1,0,gh-java/before/ok-http/08b1d7f3206981c69e72680e94a220353a8db7c3/SpdyServer.java
1,1,0,gh-java/before/ok-http/08b1d7f3206981c69e72680e94a220353a8db7c3/OkHttpsConnection.java
5,5,0,gh-java/before/ok-http/08b1d7f3206981c69e72680e94a220353a8db7c3/DiskLruCache.java
14,11,0,gh-java/before/ok-http/08b1d7f3206981c69e72680e94a220353a8db7c3/Libcore.java
2,1,0,gh-java/before/ok-http/08b1d7f3206981c69e72680e94a220353a8db7c3/Objects.java
19,19,0,gh-java/before/ok-http/08b1d7f3206981c69e72680e94a220353a8db7c3/Base64.java
1,1,0,gh-java/before/ok-http/08b1d7f3206981c69e72680e94a220353a8db7c3/HttpEngine.java
1,1,0,gh-java/before/ok-http/08b1d7f3206981c69e72680e94a220353a8db7c3/Charsets.java
5,4,0,gh-java/before/ok-http/08b1d7f3206981c69e72680e94a220353a8db7c3/SpdyConnection.java
2,2,0,gh-java/before/ok-http/08b1d7f3206981c69e72680e94a220353a8db7c3/CollectionUtils.java
5,4,0,gh-java/before/ok-http/08b1d7f3206981c69e72680e94a220353a8db7c3/RawHeaders.java
6,6,0,gh-java/before/ok-http/08b1d7f3206981c69e72680e94a220353a8db7c3/RequestHeaders.java
2,1,0,gh-java/before/ok-http/08b1d7f3206981c69e72680e94a220353a8db7c3/BasicLruCache.java
2,2,0,gh-java/before/ok-http/08b1d7f3206981c69e72680e94a220353a8db7c3/HttpsURLConnectionImpl.java
3,0,0,gh-java/before/ok-http/08b1d7f3206981c69e72680e94a220353a8db7c3/Threads.java
2,1,0,gh-java/before/ok-http/08b1d7f3206981c69e72680e94a220353a8db7c3/EmptyArray.java
3,0,0,gh-java/before/ok-http/08b1d7f3206981c69e72680e94a220353a8db7c3/HttpDate.java
7,7,0,gh-java/before/ok-http/08b1d7f3206981c69e72680e94a220353a8db7c3/HttpTransport.java
3,0,0,gh-java/before/ok-http/08b1d7f3206981c69e72680e94a220353a8db7c3/HeaderParser.java
9,9,0,gh-java/before/ok-http/08b1d7f3206981c69e72680e94a220353a8db7c3/MimeUtils.java
1,1,0,gh-java/before/ok-http/08b1d7f3206981c69e72680e94a220353a8db7c3/AbstractHttpOutputStream.java
2,1,0,gh-java/before/ok-http/08b1d7f3206981c69e72680e94a220353a8db7c3/SneakyThrow.java
2,1,0,gh-java/before/ok-http/08b1d7f3206981c69e72680e94a220353a8db7c3/Streams.java
37,37,0,gh-java/before/ok-http/08b1d7f3206981c69e72680e94a220353a8db7c3/OkHttpConnection.java
10,0,0,gh-java/before/ok-http/f003d2260df800fa695b73acc0df21b20f5720c4/MockWebServer.java
4,2,0,gh-java/before/ok-http/43a332bca4f76e4757d3d28f8f467f33190cfdef/HttpURLConnectionImpl.java
49,0,0,gh-java/before/ok-http/43a332bca4f76e4757d3d28f8f467f33190cfdef/URLConnectionTest.java
0,9,0,gh-java/before/ok-http/3ff6ca140db7d7a06cc2a97902d1546c1bdb80e1/OkHttpsConnection.java
304,287,0,gh-java/before/ok-http/3ff6ca140db7d7a06cc2a97902d1546c1bdb80e1/URLConnectionTest.java
2,1,0,gh-java/before/ok-http/3ff6ca140db7d7a06cc2a97902d1546c1bdb80e1/ExternalSpdyExample.java
23,2,0,gh-java/before/ok-http/3ff6ca140db7d7a06cc2a97902d1546c1bdb80e1/OkHttpConnection.java
1,1,0,gh-java/before/ok-http/889463746b9d426c6f0703c743b07a41fa5367cc/QueueDispatcher.java
5,3,0,gh-java/before/ok-http/889463746b9d426c6f0703c743b07a41fa5367cc/Dispatcher.java
44,6,0,gh-java/before/ok-http/889463746b9d426c6f0703c743b07a41fa5367cc/MockWebServer.java
2,2,0,gh-java/before/ok-http/faeff7f10548151cb2310351b3975f719037f217/Libcore.java
1,1,0,gh-java/before/ok-http/faeff7f10548151cb2310351b3975f719037f217/HttpConnection.java
15,0,0,gh-java/before/ok-http/263a22e0a6af91ca112ad07969461be3c28ce60e/RecordedRequest.java
18,1,0,gh-java/before/ok-http/263a22e0a6af91ca112ad07969461be3c28ce60e/MockWebServer.java
34,0,0,gh-java/before/ok-http/263a22e0a6af91ca112ad07969461be3c28ce60e/MockResponse.java
2,4,0,gh-java/before/ok-http/4425f3ec2ba8004d4f2afc271dfc0f1f0df713ab/ExternalSpdyExample.java
5,0,0,gh-java/before/ok-http/85e568e52d841c20ee5ecc68e8a589c9eabadbe6/HttpEngine.java
47,0,0,gh-java/before/ok-http/85e568e52d841c20ee5ecc68e8a589c9eabadbe6/URLConnectionTest.java
23,0,0,gh-java/before/ok-http/2b67e7069c8a547210bc78135ef7aec92f598833/MockWebServerTest.java
5,9,0,gh-java/before/ok-http/2b67e7069c8a547210bc78135ef7aec92f598833/MockWebServer.java
32,4,0,gh-java/before/ok-http/972a2f7556d4c3b759b8a9dca6026a9a819fa0bf/MockWebServerTest.java
10,0,0,gh-java/before/ok-http/1c13de7a344090349b1172978e82648f26fed0b7/QueueDispatcher.java
9,9,0,gh-java/before/ok-http/761619286a69e3e56ddceafef79802ffff521abb/DiskLruCache.java
18,25,0,gh-java/before/ok-http/761619286a69e3e56ddceafef79802ffff521abb/HttpResponseCache.java
5,4,0,gh-java/before/ok-http/8d06f6860065276085345e7ae8691fec094abfd7/HttpEngine.java
1,1,0,gh-java/before/ok-http/66220f81e3c4b5dfc0b87e45ebefb4636bef2a22/ResponseHeaders.java
3,3,0,gh-java/before/ok-http/66220f81e3c4b5dfc0b87e45ebefb4636bef2a22/SslContextBuilder.java
1,2,0,gh-java/before/ok-http/66220f81e3c4b5dfc0b87e45ebefb4636bef2a22/HttpURLConnectionImpl.java
1,1,0,gh-java/before/ok-http/66220f81e3c4b5dfc0b87e45ebefb4636bef2a22/SpdyServer.java
100,65,0,gh-java/before/ok-http/66220f81e3c4b5dfc0b87e45ebefb4636bef2a22/Libcore.java
6,2,0,gh-java/before/ok-http/66220f81e3c4b5dfc0b87e45ebefb4636bef2a22/Base64.java
2,1,0,gh-java/before/ok-http/66220f81e3c4b5dfc0b87e45ebefb4636bef2a22/SpdyStream.java
1,1,0,gh-java/before/ok-http/66220f81e3c4b5dfc0b87e45ebefb4636bef2a22/RawHeaders.java
1,1,0,gh-java/before/ok-http/66220f81e3c4b5dfc0b87e45ebefb4636bef2a22/URLConnectionTest.java
6,3,0,gh-java/before/ok-http/66220f81e3c4b5dfc0b87e45ebefb4636bef2a22/HttpResponseCache.java
2,3,0,gh-java/before/ok-http/66220f81e3c4b5dfc0b87e45ebefb4636bef2a22/HttpTransport.java
1,1,0,gh-java/before/ok-http/66220f81e3c4b5dfc0b87e45ebefb4636bef2a22/SpdyWriter.java
13,4,0,gh-java/before/ok-http/66220f81e3c4b5dfc0b87e45ebefb4636bef2a22/SpdyReader.java
4,4,0,gh-java/before/ok-http/66220f81e3c4b5dfc0b87e45ebefb4636bef2a22/MimeUtils.java
1,2,0,gh-java/before/ok-http/66220f81e3c4b5dfc0b87e45ebefb4636bef2a22/HttpConnection.java
2,2,0,gh-java/before/ok-http/66220f81e3c4b5dfc0b87e45ebefb4636bef2a22/SpdyTransport.java
3,3,0,gh-java/before/ok-http/66220f81e3c4b5dfc0b87e45ebefb4636bef2a22/SpdyConnectionTest.java
0,4,0,gh-java/before/ok-http/5aa2456a145883f6688c6ee325635ed0c6339076/OkHttpsConnection.java
1,5,0,gh-java/before/ok-http/5aa2456a145883f6688c6ee325635ed0c6339076/HttpEngine.java
1,5,0,gh-java/before/ok-http/5aa2456a145883f6688c6ee325635ed0c6339076/HttpsURLConnectionImpl.java
43,42,0,gh-java/before/ok-http/5aa2456a145883f6688c6ee325635ed0c6339076/URLConnectionTest.java
16,19,0,gh-java/before/ok-http/5aa2456a145883f6688c6ee325635ed0c6339076/HttpConnection.java
1,2,0,gh-java/before/ok-http/00c0da5ec57958bc4d926cef41ef1f97be4e9bec/HttpResponseCache.java
4,4,0,gh-java/before/ok-http/00c0da5ec57958bc4d926cef41ef1f97be4e9bec/StrictLineReader.java
52,8,0,gh-java/before/ok-http/daa9c93ce3b04eb6351719be302f2f5d70296c81/RecordedRequest.java
57,4,0,gh-java/before/ok-http/daa9c93ce3b04eb6351719be302f2f5d70296c81/MockWebServerTest.java
11,6,0,gh-java/before/ok-http/daa9c93ce3b04eb6351719be302f2f5d70296c81/MockWebServer.java
63,20,0,gh-java/before/ok-http/daa9c93ce3b04eb6351719be302f2f5d70296c81/MockResponse.java
2,4,0,gh-java/before/ok-http/e9e2f742d08d767222685b4f0a38c4d5f28121ec/MockWebServer.java
7,0,0,gh-java/before/ok-http/ac21c326779cd0170b26aefff3157371b3b985ed/HttpResponseCache.java
2,2,0,gh-java/before/ok-http/ede853861795d04f787895365f9cebe9912ea37a/QueueDispatcher.java
52,2,0,gh-java/before/ok-http/739cb3ec6c41f58e6b6a75d18c912ad1111f8061/MockWebServerTest.java
13,1,0,gh-java/before/ok-http/1bc9e2ef26bc0546f0491e7234de26e31fc38c72/DiskLruCache.java
1,1,0,gh-java/before/ok-http/1bc9e2ef26bc0546f0491e7234de26e31fc38c72/HttpResponseCache.java
23,16,0,gh-java/before/ok-http/33a0c620e1c1997ece0ee3382ad3e2145ee061a8/URLConnectionTest.java
9,3,0,gh-java/before/ok-http/b8c51dc5bdc89d5487cbc110d6fe40389de16480/HttpTransport.java
9,0,0,gh-java/before/ok-http/15940665526348d815b26d509ce44c79926c612b/HttpURLConnectionImpl.java
44,0,0,gh-java/before/ok-http/15940665526348d815b26d509ce44c79926c612b/URLConnectionTest.java
31,0,0,gh-java/before/google-guava/bbab2ce3c162b244119bdc22a990d7b75fdef0af/Preconditions.java
1,0,0,gh-java/before/google-guava/bbab2ce3c162b244119bdc22a990d7b75fdef0af/Joiner.java
1,0,0,gh-java/before/google-guava/bbab2ce3c162b244119bdc22a990d7b75fdef0af/ImmutableSortedMap.java
1,0,0,gh-java/before/google-guava/bbab2ce3c162b244119bdc22a990d7b75fdef0af/Multiset.java
1,0,0,gh-java/before/google-guava/bbab2ce3c162b244119bdc22a990d7b75fdef0af/ClassToInstanceMap.java
1,0,0,gh-java/before/google-guava/bbab2ce3c162b244119bdc22a990d7b75fdef0af/ForwardingConcurrentMap.java
223,3,0,gh-java/before/google-guava/bbab2ce3c162b244119bdc22a990d7b75fdef0af/Sets.java
52,0,0,gh-java/before/google-guava/bbab2ce3c162b244119bdc22a990d7b75fdef0af/Suppliers.java
44,3,0,gh-java/before/google-guava/bbab2ce3c162b244119bdc22a990d7b75fdef0af/Iterables.java
70,12,0,gh-java/before/google-guava/bbab2ce3c162b244119bdc22a990d7b75fdef0af/Iterators.java
1,0,0,gh-java/before/google-guava/bbab2ce3c162b244119bdc22a990d7b75fdef0af/ImmutableSetMultimap.java
1,0,0,gh-java/before/google-guava/bbab2ce3c162b244119bdc22a990d7b75fdef0af/Functions.java
0,1,0,gh-java/before/google-guava/bbab2ce3c162b244119bdc22a990d7b75fdef0af/GwtCompatible.java
1,0,0,gh-java/before/google-guava/bbab2ce3c162b244119bdc22a990d7b75fdef0af/ForwardingMultiset.java
100,0,0,gh-java/before/google-guava/bbab2ce3c162b244119bdc22a990d7b75fdef0af/Objects.java
2,1,0,gh-java/before/google-guava/bbab2ce3c162b244119bdc22a990d7b75fdef0af/Synchronized.java
1,0,0,gh-java/before/google-guava/bbab2ce3c162b244119bdc22a990d7b75fdef0af/HashMultiset.java
1,0,0,gh-java/before/google-guava/bbab2ce3c162b244119bdc22a990d7b75fdef0af/LinkedHashMultimap.java
1,0,0,gh-java/before/google-guava/bbab2ce3c162b244119bdc22a990d7b75fdef0af/ForwardingMap.java
1,0,0,gh-java/before/google-guava/bbab2ce3c162b244119bdc22a990d7b75fdef0af/ImmutableMultiset.java
9,4,0,gh-java/before/google-guava/bbab2ce3c162b244119bdc22a990d7b75fdef0af/ImmutableSet.java
28,2,0,gh-java/before/google-guava/bbab2ce3c162b244119bdc22a990d7b75fdef0af/Maps.java
1,0,0,gh-java/before/google-guava/bbab2ce3c162b244119bdc22a990d7b75fdef0af/ForwardingObject.java
1,0,0,gh-java/before/google-guava/bbab2ce3c162b244119bdc22a990d7b75fdef0af/ImmutableBiMap.java
3,1,0,gh-java/before/google-guava/bbab2ce3c162b244119bdc22a990d7b75fdef0af/ArrayListMultimap.java
1,0,0,gh-java/before/google-guava/bbab2ce3c162b244119bdc22a990d7b75fdef0af/SortedSetMultimap.java
16,2,0,gh-java/before/google-guava/bbab2ce3c162b244119bdc22a990d7b75fdef0af/Collections2.java
1,1,0,gh-java/before/google-guava/bbab2ce3c162b244119bdc22a990d7b75fdef0af/Charsets.java
1,0,0,gh-java/before/google-guava/bbab2ce3c162b244119bdc22a990d7b75fdef0af/ForwardingSortedSet.java
1,0,0,gh-java/before/google-guava/bbab2ce3c162b244119bdc22a990d7b75fdef0af/FinalizableSoftReference.java
1,0,0,gh-java/before/google-guava/bbab2ce3c162b244119bdc22a990d7b75fdef0af/Supplier.java
5,3,0,gh-java/before/google-guava/bbab2ce3c162b244119bdc22a990d7b75fdef0af/AbstractMultiset.java
1,0,0,gh-java/before/google-guava/bbab2ce3c162b244119bdc22a990d7b75fdef0af/EnumBiMap.java
5,4,0,gh-java/before/google-guava/bbab2ce3c162b244119bdc22a990d7b75fdef0af/ObjectArrays.java
1,0,0,gh-java/before/google-guava/bbab2ce3c162b244119bdc22a990d7b75fdef0af/FinalizableReferenceQueue.java
1,0,0,gh-java/before/google-guava/bbab2ce3c162b244119bdc22a990d7b75fdef0af/PeekingIterator.java
1,0,0,gh-java/before/google-guava/bbab2ce3c162b244119bdc22a990d7b75fdef0af/ForwardingCollection.java
1,0,0,gh-java/before/google-guava/bbab2ce3c162b244119bdc22a990d7b75fdef0af/LinkedListMultimap.java
5,3,0,gh-java/before/google-guava/bbab2ce3c162b244119bdc22a990d7b75fdef0af/Lists.java
1,1,0,gh-java/before/google-guava/bbab2ce3c162b244119bdc22a990d7b75fdef0af/CaseFormat.java
1,0,0,gh-java/before/google-guava/bbab2ce3c162b244119bdc22a990d7b75fdef0af/HashBiMap.java
1,0,0,gh-java/before/google-guava/bbab2ce3c162b244119bdc22a990d7b75fdef0af/Predicate.java
74,0,0,gh-java/before/google-guava/bbab2ce3c162b244119bdc22a990d7b75fdef0af/Multisets.java
1,0,0,gh-java/before/google-guava/bbab2ce3c162b244119bdc22a990d7b75fdef0af/ForwardingMapEntry.java
1,1,0,gh-java/before/google-guava/bbab2ce3c162b244119bdc22a990d7b75fdef0af/Throwables.java
21,0,0,gh-java/before/google-guava/bbab2ce3c162b244119bdc22a990d7b75fdef0af/Platform.java
24,4,0,gh-java/before/google-guava/bbab2ce3c162b244119bdc22a990d7b75fdef0af/RegularImmutableSortedSet.java
1,0,0,gh-java/before/google-guava/bbab2ce3c162b244119bdc22a990d7b75fdef0af/ListMultimap.java
1,0,0,gh-java/before/google-guava/bbab2ce3c162b244119bdc22a990d7b75fdef0af/EnumHashBiMap.java
5,3,0,gh-java/before/google-guava/bbab2ce3c162b244119bdc22a990d7b75fdef0af/SingletonImmutableMap.java
1,1,0,gh-java/before/google-guava/bbab2ce3c162b244119bdc22a990d7b75fdef0af/Service.java
3,3,0,gh-java/before/google-guava/bbab2ce3c162b244119bdc22a990d7b75fdef0af/AbstractMultimap.java
1,0,0,gh-java/before/google-guava/bbab2ce3c162b244119bdc22a990d7b75fdef0af/Multimaps.java
1,0,0,gh-java/before/google-guava/bbab2ce3c162b244119bdc22a990d7b75fdef0af/ForwardingIterator.java
1,0,0,gh-java/before/google-guava/bbab2ce3c162b244119bdc22a990d7b75fdef0af/SetMultimap.java
0,1,0,gh-java/before/google-guava/bbab2ce3c162b244119bdc22a990d7b75fdef0af/GwtIncompatible.java
1,0,0,gh-java/before/google-guava/bbab2ce3c162b244119bdc22a990d7b75fdef0af/ForwardingSortedMap.java
1,0,0,gh-java/before/google-guava/bbab2ce3c162b244119bdc22a990d7b75fdef0af/ImmutableClassToInstanceMap.java
9,9,0,gh-java/before/google-guava/bbab2ce3c162b244119bdc22a990d7b75fdef0af/Splitter.java
76,45,0,gh-java/before/google-guava/bbab2ce3c162b244119bdc22a990d7b75fdef0af/CharMatcher.java
11,3,0,gh-java/before/google-guava/bbab2ce3c162b244119bdc22a990d7b75fdef0af/RegularImmutableList.java
1,0,0,gh-java/before/google-guava/bbab2ce3c162b244119bdc22a990d7b75fdef0af/Predicates.java
1,0,0,gh-java/before/google-guava/bbab2ce3c162b244119bdc22a990d7b75fdef0af/AbstractIterator.java
1,0,0,gh-java/before/google-guava/bbab2ce3c162b244119bdc22a990d7b75fdef0af/AbstractListMultimap.java
1,0,0,gh-java/before/google-guava/bbab2ce3c162b244119bdc22a990d7b75fdef0af/FinalizableReference.java
103,0,0,gh-java/before/google-guava/bbab2ce3c162b244119bdc22a990d7b75fdef0af/Ordering.java
1,0,0,gh-java/before/google-guava/bbab2ce3c162b244119bdc22a990d7b75fdef0af/EnumMultiset.java
1,0,0,gh-java/before/google-guava/bbab2ce3c162b244119bdc22a990d7b75fdef0af/ForwardingMultimap.java
1,0,0,gh-java/before/google-guava/bbab2ce3c162b244119bdc22a990d7b75fdef0af/ForwardingSet.java
54,84,0,gh-java/before/google-guava/bbab2ce3c162b244119bdc22a990d7b75fdef0af/ImmutableList.java
1,0,0,gh-java/before/google-guava/bbab2ce3c162b244119bdc22a990d7b75fdef0af/HashMultimap.java
7,3,0,gh-java/before/google-guava/bbab2ce3c162b244119bdc22a990d7b75fdef0af/RegularImmutableMap.java
1,0,0,gh-java/before/google-guava/bbab2ce3c162b244119bdc22a990d7b75fdef0af/LinkedHashMultiset.java
1,0,0,gh-java/before/google-guava/bbab2ce3c162b244119bdc22a990d7b75fdef0af/ConcurrentHashMultiset.java
1,0,0,gh-java/before/google-guava/bbab2ce3c162b244119bdc22a990d7b75fdef0af/ImmutableMap.java
29,0,0,gh-java/before/google-guava/bbab2ce3c162b244119bdc22a990d7b75fdef0af/ImmutableCollection.java
1,0,0,gh-java/before/google-guava/bbab2ce3c162b244119bdc22a990d7b75fdef0af/ImmutableListMultimap.java
1,0,0,gh-java/before/google-guava/bbab2ce3c162b244119bdc22a990d7b75fdef0af/ImmutableMultimap.java
13,10,0,gh-java/before/google-guava/bbab2ce3c162b244119bdc22a990d7b75fdef0af/MutableClassToInstanceMap.java
1,0,0,gh-java/before/google-guava/bbab2ce3c162b244119bdc22a990d7b75fdef0af/FinalizableWeakReference.java
1,0,0,gh-java/before/google-guava/bbab2ce3c162b244119bdc22a990d7b75fdef0af/Function.java
1,0,0,gh-java/before/google-guava/bbab2ce3c162b244119bdc22a990d7b75fdef0af/ForwardingListIterator.java
1,0,0,gh-java/before/google-guava/bbab2ce3c162b244119bdc22a990d7b75fdef0af/FinalizablePhantomReference.java
1,0,0,gh-java/before/google-guava/bbab2ce3c162b244119bdc22a990d7b75fdef0af/BiMap.java
1,0,0,gh-java/before/google-guava/bbab2ce3c162b244119bdc22a990d7b75fdef0af/ForwardingList.java
1,0,0,gh-java/before/google-guava/bbab2ce3c162b244119bdc22a990d7b75fdef0af/ForwardingQueue.java
5,1,0,gh-java/before/google-guava/bbab2ce3c162b244119bdc22a990d7b75fdef0af/EmptyImmutableSortedSet.java
1,0,0,gh-java/before/google-guava/bbab2ce3c162b244119bdc22a990d7b75fdef0af/Multimap.java
1,0,0,gh-java/before/google-guava/bbab2ce3c162b244119bdc22a990d7b75fdef0af/MapDifference.java
7,1,0,gh-java/before/google-guava/bbab2ce3c162b244119bdc22a990d7b75fdef0af/ImmutableSortedSet.java
2,1,0,gh-java/before/google-guava/bbab2ce3c162b244119bdc22a990d7b75fdef0af/SingletonImmutableList.java
1,0,0,gh-java/before/google-guava/bbab2ce3c162b244119bdc22a990d7b75fdef0af/MapMaker.java
0,1,0,gh-java/before/google-guava/a194b64f31a7453a9be7e4573b2d92afab3aa37e/OutputSupplier.java
0,1,0,gh-java/before/google-guava/a194b64f31a7453a9be7e4573b2d92afab3aa37e/AbstractFuture.java
0,1,0,gh-java/before/google-guava/a194b64f31a7453a9be7e4573b2d92afab3aa37e/LineProcessor.java
0,1,0,gh-java/before/google-guava/a194b64f31a7453a9be7e4573b2d92afab3aa37e/InputSupplier.java
0,7,0,gh-java/before/google-guava/a194b64f31a7453a9be7e4573b2d92afab3aa37e/Futures.java
0,2,0,gh-java/before/google-guava/a194b64f31a7453a9be7e4573b2d92afab3aa37e/ListenableFuture.java
0,1,0,gh-java/before/google-guava/a194b64f31a7453a9be7e4573b2d92afab3aa37e/AbstractListenableFuture.java
0,2,0,gh-java/before/google-guava/a194b64f31a7453a9be7e4573b2d92afab3aa37e/CheckedFuture.java
4,16,0,gh-java/before/killbill/2fe4277032dfaff6876b2284c9ab235192f00b02/TestUserApiChangePlanMemory.java
1,1,0,gh-java/before/killbill/2fe4277032dfaff6876b2284c9ab235192f00b02/ApiEventCancel.java
2,2,0,gh-java/before/killbill/2fe4277032dfaff6876b2284c9ab235192f00b02/BusinessSubscription.java
2,7,0,gh-java/before/killbill/2fe4277032dfaff6876b2284c9ab235192f00b02/XMLSchemaGenerator.java
1,1,0,gh-java/before/killbill/2fe4277032dfaff6876b2284c9ab235192f00b02/ApiEventResume.java
2,2,0,gh-java/before/killbill/2fe4277032dfaff6876b2284c9ab235192f00b02/TestEntitlementDao.java
2,2,0,gh-java/before/killbill/2fe4277032dfaff6876b2284c9ab235192f00b02/EntitlementDaoSqlMock.java
3,2,0,gh-java/before/killbill/2fe4277032dfaff6876b2284c9ab235192f00b02/ApiEventChange.java
19,16,0,gh-java/before/killbill/2fe4277032dfaff6876b2284c9ab235192f00b02/Product.java
39,35,0,gh-java/before/killbill/2fe4277032dfaff6876b2284c9ab235192f00b02/Catalog.java
2,10,0,gh-java/before/killbill/2fe4277032dfaff6876b2284c9ab235192f00b02/MockProduct.java
10,10,0,gh-java/before/killbill/2fe4277032dfaff6876b2284c9ab235192f00b02/ApiTestListener.java
1,1,0,gh-java/before/killbill/2fe4277032dfaff6876b2284c9ab235192f00b02/TestBusinessSubscription.java
43,48,0,gh-java/before/killbill/2fe4277032dfaff6876b2284c9ab235192f00b02/CaseChange.java
3,3,0,gh-java/before/killbill/2fe4277032dfaff6876b2284c9ab235192f00b02/EntitlementDaoMemoryMock.java
2,2,0,gh-java/before/killbill/2fe4277032dfaff6876b2284c9ab235192f00b02/ApiEventProcessor.java
1,1,0,gh-java/before/killbill/2fe4277032dfaff6876b2284c9ab235192f00b02/ApiEventPause.java
1,1,0,gh-java/before/killbill/2fe4277032dfaff6876b2284c9ab235192f00b02/IEntitlementConfig.java
14,9,0,gh-java/before/killbill/2fe4277032dfaff6876b2284c9ab235192f00b02/UserApi.java
9,6,0,gh-java/before/killbill/2fe4277032dfaff6876b2284c9ab235192f00b02/TestVersionedCatalog.java
1,1,0,gh-java/before/killbill/2fe4277032dfaff6876b2284c9ab235192f00b02/BusinessSubscriptionEvent.java
2,2,0,gh-java/before/killbill/2fe4277032dfaff6876b2284c9ab235192f00b02/ApiEventCreate.java
27,20,0,gh-java/before/killbill/2fe4277032dfaff6876b2284c9ab235192f00b02/TestPlanRules.java
70,44,0,gh-java/before/killbill/2fe4277032dfaff6876b2284c9ab235192f00b02/TestPlanChangeRules.java
2,2,0,gh-java/before/killbill/2fe4277032dfaff6876b2284c9ab235192f00b02/EngineModuleMemoryMock.java
1,1,0,gh-java/before/killbill/2fe4277032dfaff6876b2284c9ab235192f00b02/ApiEventUncancel.java
3,3,0,gh-java/before/killbill/2fe4277032dfaff6876b2284c9ab235192f00b02/PlanPolicyChangeRule.java
8,5,0,gh-java/before/killbill/2fe4277032dfaff6876b2284c9ab235192f00b02/EntitlementModule.java
10,0,0,gh-java/before/killbill/2fe4277032dfaff6876b2284c9ab235192f00b02/PhaseEvent.java
3,3,0,gh-java/before/killbill/2fe4277032dfaff6876b2284c9ab235192f00b02/EntitlementDao.java
16,17,0,gh-java/before/killbill/2fe4277032dfaff6876b2284c9ab235192f00b02/VersionedCatalogLoader.java
3,3,0,gh-java/before/killbill/2fe4277032dfaff6876b2284c9ab235192f00b02/ApiEventProcessorBase.java
18,9,0,gh-java/before/killbill/2fe4277032dfaff6876b2284c9ab235192f00b02/Engine.java
4,5,0,gh-java/before/killbill/2fe4277032dfaff6876b2284c9ab235192f00b02/PlanAlignmentCreate.java
1,2,0,gh-java/before/killbill/2fe4277032dfaff6876b2284c9ab235192f00b02/TestUserApiCreate.java
2,2,0,gh-java/before/killbill/2fe4277032dfaff6876b2284c9ab235192f00b02/ApiEventProcessorMemoryMock.java
1,22,0,gh-java/before/killbill/2fe4277032dfaff6876b2284c9ab235192f00b02/XMLReader.java
4,7,0,gh-java/before/killbill/2fe4277032dfaff6876b2284c9ab235192f00b02/TestUserApiChangePlan.java
2,1,0,gh-java/before/killbill/2fe4277032dfaff6876b2284c9ab235192f00b02/AnalyticsModule.java
40,56,0,gh-java/before/killbill/2fe4277032dfaff6876b2284c9ab235192f00b02/VersionedCatalog.java
2,2,0,gh-java/before/killbill/2fe4277032dfaff6876b2284c9ab235192f00b02/IProduct.java
1,13,0,gh-java/before/killbill/2fe4277032dfaff6876b2284c9ab235192f00b02/MockPlan.java
3,3,0,gh-java/before/killbill/2fe4277032dfaff6876b2284c9ab235192f00b02/TestUserApiBase.java
1,1,0,gh-java/before/killbill/2fe4277032dfaff6876b2284c9ab235192f00b02/PlanAlignmentChange.java
0,16,0,gh-java/before/killbill/2fe4277032dfaff6876b2284c9ab235192f00b02/Plan.java
10,5,0,gh-java/before/killbill/2fe4277032dfaff6876b2284c9ab235192f00b02/ICatalog.java
1,1,0,gh-java/before/killbill/2fe4277032dfaff6876b2284c9ab235192f00b02/EngineModuleSqlMock.java
60,69,0,gh-java/before/killbill/2fe4277032dfaff6876b2284c9ab235192f00b02/PlanRules.java
16,15,0,gh-java/before/killbill/2fe4277032dfaff6876b2284c9ab235192f00b02/ApiEventBase.java
6,4,0,gh-java/before/killbill/2fe4277032dfaff6876b2284c9ab235192f00b02/TestUserApiChangePlanSql.java
53,18,0,gh-java/before/killbill/2fe4277032dfaff6876b2284c9ab235192f00b02/Subscription.java
8,14,0,gh-java/before/killbill/2fe4277032dfaff6876b2284c9ab235192f00b02/TestVersionedCatalogLoader.java
6,1,0,gh-java/before/killbill/2fe4277032dfaff6876b2284c9ab235192f00b02/PlanSpecifier.java
0,2,0,gh-java/before/killbill/2fe4277032dfaff6876b2284c9ab235192f00b02/IPlan.java
2,2,0,gh-java/before/killbill/2fe4277032dfaff6876b2284c9ab235192f00b02/PlanPhaseSpecifier.java
1,1,0,gh-java/before/killbill/52cfccd37350a3e4570d424addeeee6ec59f8ea4/BillingApi.java
1,1,0,gh-java/before/killbill/52cfccd37350a3e4570d424addeeee6ec59f8ea4/IEntitlementBillingApi.java
1,1,0,gh-java/before/killbill/52cfccd37350a3e4570d424addeeee6ec59f8ea4/IEntitlementUserApi.java
5,5,0,gh-java/before/killbill/52cfccd37350a3e4570d424addeeee6ec59f8ea4/EntitlementModule.java
0,2,0,gh-java/before/killbill/52cfccd37350a3e4570d424addeeee6ec59f8ea4/ISubscription.java
24,7,0,gh-java/before/killbill/52cfccd37350a3e4570d424addeeee6ec59f8ea4/SubscriptionTransition.java
6,1,0,gh-java/before/killbill/52cfccd37350a3e4570d424addeeee6ec59f8ea4/ISubscriptionTransition.java
5,5,0,gh-java/before/killbill/52cfccd37350a3e4570d424addeeee6ec59f8ea4/TestUserApiBase.java
3,3,0,gh-java/before/killbill/52cfccd37350a3e4570d424addeeee6ec59f8ea4/EntitlementUserApi.java
12,16,0,gh-java/before/killbill/52cfccd37350a3e4570d424addeeee6ec59f8ea4/Subscription.java
1,1,0,gh-java/before/killbill/52cfccd37350a3e4570d424addeeee6ec59f8ea4/IAccountUserApi.java
0,9,0,gh-java/before/killbill/1bce001804edd20a41ddf104ecf4687f602338da/AccountModule.java
1,2,0,gh-java/before/killbill/1bce001804edd20a41ddf104ecf4687f602338da/EngineModuleMemoryMock.java
0,3,0,gh-java/before/killbill/1bce001804edd20a41ddf104ecf4687f602338da/EntitlementModule.java
2,1,0,gh-java/before/killbill/1bce001804edd20a41ddf104ecf4687f602338da/TestSimpleAccountDao.java
28,15,0,gh-java/before/killbill/a04815087b7ceec62f5944b76e13f11b34cb17f2/BusinessSubscription.java
89,8,0,gh-java/before/killbill/a04815087b7ceec62f5944b76e13f11b34cb17f2/AnalyticsListener.java
4,10,0,gh-java/before/killbill/a04815087b7ceec62f5944b76e13f11b34cb17f2/MockSubscription.java
21,25,0,gh-java/before/killbill/a04815087b7ceec62f5944b76e13f11b34cb17f2/BusinessSubscriptionEvent.java
4,3,0,gh-java/before/killbill/a04815087b7ceec62f5944b76e13f11b34cb17f2/BusinessSubscriptionTransitionMapper.java
2,2,0,gh-java/before/killbill/c3bacf8c14566c3aa3c0e4880170ccc88a2ac297/ISubscriptionBundle.java
1,1,0,gh-java/before/killbill/c3bacf8c14566c3aa3c0e4880170ccc88a2ac297/IEntitlementUserApi.java
5,5,0,gh-java/before/killbill/c3bacf8c14566c3aa3c0e4880170ccc88a2ac297/SubscriptionBundle.java
213,19,0,gh-java/before/killbill/a338b369fadef381da79a6757315f1a39c1079c8/DefaultInvoiceGeneratorTests.java
4,0,0,gh-java/before/killbill/a338b369fadef381da79a6757315f1a39c1079c8/IBillingMode.java
14,1,0,gh-java/before/killbill/a338b369fadef381da79a6757315f1a39c1079c8/InAdvanceBillingMode.java
15,12,0,gh-java/before/killbill/a338b369fadef381da79a6757315f1a39c1079c8/Invoice.java
6,6,0,gh-java/before/killbill/a338b369fadef381da79a6757315f1a39c1079c8/BillingModeBase.java
6,0,0,gh-java/before/killbill/a338b369fadef381da79a6757315f1a39c1079c8/IBillingEvent.java
0,23,0,gh-java/before/killbill/a338b369fadef381da79a6757315f1a39c1079c8/BillingEventSet.java
81,13,0,gh-java/before/killbill/a338b369fadef381da79a6757315f1a39c1079c8/InvoiceItem.java
18,3,0,gh-java/before/killbill/a338b369fadef381da79a6757315f1a39c1079c8/BillingEvent.java
3,1,0,gh-java/before/killbill/a338b369fadef381da79a6757315f1a39c1079c8/IInvoiceGenerator.java
69,16,0,gh-java/before/killbill/a338b369fadef381da79a6757315f1a39c1079c8/DefaultInvoiceGenerator.java
1,1,0,gh-java/before/killbill/4924f3b3abf016fd5106e7dff53d0998fcf34eb9/IBundleSqlDao.java
14,1,0,gh-java/before/killbill/312ed8ce74f8a614634ba01e7effd3fc9ed13051/EngineModuleMemoryMock.java
0,6,0,gh-java/before/killbill/312ed8ce74f8a614634ba01e7effd3fc9ed13051/EntitlementModule.java
1,4,0,gh-java/before/killbill/312ed8ce74f8a614634ba01e7effd3fc9ed13051/AnalyticsModule.java
18,0,0,gh-java/before/killbill/312ed8ce74f8a614634ba01e7effd3fc9ed13051/EngineModuleSqlMock.java
1,3,0,gh-java/before/killbill/0f0b43f1fb73bde5399c0fef13057f05dab0f04c/Catalog.java
16,15,0,gh-java/before/killbill/0f0b43f1fb73bde5399c0fef13057f05dab0f04c/TestPlanChangeRules.java
5,5,0,gh-java/before/killbill/0f0b43f1fb73bde5399c0fef13057f05dab0f04c/CasePhase.java
4,4,0,gh-java/before/killbill/0f0b43f1fb73bde5399c0fef13057f05dab0f04c/PlanRules.java
8,0,0,gh-java/before/killbill/0f0b43f1fb73bde5399c0fef13057f05dab0f04c/PlanSpecifier.java
22,2,0,gh-java/before/killbill/0f0b43f1fb73bde5399c0fef13057f05dab0f04c/PlanPhaseSpecifier.java
14,1,0,gh-java/before/zaproxy/28f7e60e429ff25c538bf4ca0249bb45e28b25a6/PortScanPanel.java
34,78,0,gh-java/before/zaproxy/acb31bf956c69d9391030e30615ea9e93f7b4a71/ExtensionSearch.java
9,0,0,gh-java/before/zaproxy/acb31bf956c69d9391030e30615ea9e93f7b4a71/SearchResult.java
18,7,0,gh-java/before/zaproxy/acb31bf956c69d9391030e30615ea9e93f7b4a71/SearchPanel.java
8,1,0,gh-java/before/zaproxy/4156b55b28bb5e5024deda8cd8f01efec1285322/ActiveScanPanel.java
30,14,0,gh-java/before/zaproxy/4156b55b28bb5e5024deda8cd8f01efec1285322/ActiveScan.java
3,3,0,gh-java/before/zaproxy/4156b55b28bb5e5024deda8cd8f01efec1285322/ActiveScanPanelCellRenderer.java
16,78,0,gh-java/before/zaproxy/4156b55b28bb5e5024deda8cd8f01efec1285322/ExtensionActiveScan.java
1,1,0,gh-java/before/zaproxy/642de8aa8774b7a293ace733144079b840c5e0c4/Constant.java
21,3,0,gh-java/before/zaproxy/6474d5fc70e3d773ba862f24f927ca2b2196a110/Constant.java
2,1,0,gh-java/before/zaproxy/02150ac92f1e6f87544bdc1a2d497db3f5db85ca/AlertPanel.java
2,1,0,gh-java/before/zaproxy/02150ac92f1e6f87544bdc1a2d497db3f5db85ca/ExtensionReport.java
8,7,0,gh-java/before/zaproxy/02150ac92f1e6f87544bdc1a2d497db3f5db85ca/PopupMenuExportResponse.java
2,1,0,gh-java/before/zaproxy/02150ac92f1e6f87544bdc1a2d497db3f5db85ca/PopupFindMenu.java
4,2,0,gh-java/before/zaproxy/02150ac92f1e6f87544bdc1a2d497db3f5db85ca/LogPanel.java
2,1,0,gh-java/before/zaproxy/02150ac92f1e6f87544bdc1a2d497db3f5db85ca/AlertTreeModel.java
2,1,0,gh-java/before/zaproxy/02150ac92f1e6f87544bdc1a2d497db3f5db85ca/ExtensionFilter.java
4,3,0,gh-java/before/zaproxy/02150ac92f1e6f87544bdc1a2d497db3f5db85ca/HttpPanel.java
2,1,0,gh-java/before/zaproxy/02150ac92f1e6f87544bdc1a2d497db3f5db85ca/PopupDeleteMenu.java
1,1,0,gh-java/before/zaproxy/02150ac92f1e6f87544bdc1a2d497db3f5db85ca/MainMenuBar.java
6,5,0,gh-java/before/zaproxy/02150ac92f1e6f87544bdc1a2d497db3f5db85ca/PopupMenuExportMessage.java
12,11,0,gh-java/before/zaproxy/02150ac92f1e6f87544bdc1a2d497db3f5db85ca/ExtensionScanner.java
2,1,0,gh-java/before/zaproxy/02150ac92f1e6f87544bdc1a2d497db3f5db85ca/TestObsoleteFileExtended.java
3,2,0,gh-java/before/zaproxy/02150ac92f1e6f87544bdc1a2d497db3f5db85ca/PopupMenuScanHistory.java
4,3,0,gh-java/before/zaproxy/02150ac92f1e6f87544bdc1a2d497db3f5db85ca/SpiderPanel.java
4,3,0,gh-java/before/zaproxy/02150ac92f1e6f87544bdc1a2d497db3f5db85ca/ExtensionState.java
10,8,0,gh-java/before/zaproxy/02150ac92f1e6f87544bdc1a2d497db3f5db85ca/Category.java
2,1,0,gh-java/before/zaproxy/02150ac92f1e6f87544bdc1a2d497db3f5db85ca/PopupMenuNote.java
2,1,0,gh-java/before/zaproxy/02150ac92f1e6f87544bdc1a2d497db3f5db85ca/PopupMenuAlertEdit.java
2,6,0,gh-java/before/zaproxy/02150ac92f1e6f87544bdc1a2d497db3f5db85ca/AlertViewPanel.java
2,1,0,gh-java/before/zaproxy/02150ac92f1e6f87544bdc1a2d497db3f5db85ca/PopupPurgeMenu.java
10,10,0,gh-java/before/zaproxy/02150ac92f1e6f87544bdc1a2d497db3f5db85ca/MainFrame.java
2,1,0,gh-java/before/zaproxy/02150ac92f1e6f87544bdc1a2d497db3f5db85ca/TestObsoleteFile.java
2,1,0,gh-java/before/zaproxy/02150ac92f1e6f87544bdc1a2d497db3f5db85ca/ExtensionOption.java
4,2,0,gh-java/before/zaproxy/02150ac92f1e6f87544bdc1a2d497db3f5db85ca/OptionsLocalProxyPanel.java
7,6,0,gh-java/before/zaproxy/02150ac92f1e6f87544bdc1a2d497db3f5db85ca/MainToolbarPanel.java
37,22,0,gh-java/before/zaproxy/02150ac92f1e6f87544bdc1a2d497db3f5db85ca/HistoryFilter.java
4,4,0,gh-java/before/zaproxy/02150ac92f1e6f87544bdc1a2d497db3f5db85ca/View.java
2,1,0,gh-java/before/zaproxy/02150ac92f1e6f87544bdc1a2d497db3f5db85ca/PopupMenuAlert.java
2,1,0,gh-java/before/zaproxy/02150ac92f1e6f87544bdc1a2d497db3f5db85ca/OutputPanel.java
3,2,0,gh-java/before/zaproxy/02150ac92f1e6f87544bdc1a2d497db3f5db85ca/PopupMenuPurgeHistory.java
2,3,0,gh-java/before/zaproxy/02150ac92f1e6f87544bdc1a2d497db3f5db85ca/PopupMenuSpider.java
1,1,0,gh-java/before/zaproxy/02150ac92f1e6f87544bdc1a2d497db3f5db85ca/OptionsCheckForUpdatesPanel.java
3,3,0,gh-java/before/zaproxy/02150ac92f1e6f87544bdc1a2d497db3f5db85ca/ExtensionEdit.java
2,1,0,gh-java/before/zaproxy/02150ac92f1e6f87544bdc1a2d497db3f5db85ca/ExtensionHistory.java
2,1,0,gh-java/before/zaproxy/02150ac92f1e6f87544bdc1a2d497db3f5db85ca/PopupMenuTag.java
2,1,0,gh-java/before/zaproxy/02150ac92f1e6f87544bdc1a2d497db3f5db85ca/PopupMenuResendSites.java
4,3,0,gh-java/before/zaproxy/02150ac92f1e6f87544bdc1a2d497db3f5db85ca/ExtensionSpider.java
2,1,0,gh-java/before/zaproxy/02150ac92f1e6f87544bdc1a2d497db3f5db85ca/PopupMenuDeleteHistory.java
2,1,0,gh-java/before/zaproxy/02150ac92f1e6f87544bdc1a2d497db3f5db85ca/PopupMenuResend.java
3,2,0,gh-java/before/zaproxy/02150ac92f1e6f87544bdc1a2d497db3f5db85ca/ExtensionManualRequestEditor.java
1,0,0,gh-java/before/zaproxy/1a325006ed1f62e81e6fe727b64aba9984ba59ba/PortScanPanel.java
2,0,0,gh-java/before/zaproxy/6c1133a1839776e13ab57757c423abc015c78997/Control.java
2,0,0,gh-java/before/zaproxy/6c1133a1839776e13ab57757c423abc015c78997/HistoryReference.java
24,0,0,gh-java/before/zaproxy/7bfb86a0f55c6176da630d01e1197d3c69a7e5ad/HtmlParameter.java
29,0,0,gh-java/before/zaproxy/7bfb86a0f55c6176da630d01e1197d3c69a7e5ad/HttpMessage.java
4,0,0,gh-java/before/zaproxy/7bfb86a0f55c6176da630d01e1197d3c69a7e5ad/HttpHeader.java
6,0,0,gh-java/before/zaproxy/4e3ea3d75225d8a0fcbdf4fd0324f036b3fd666b/ExtensionScanner.java
17,2,0,gh-java/before/zaproxy/f4210868c3f3b1cf9be213bc8b893ed231310c15/MainFrame.java
98,37,0,gh-java/before/zaproxy/5dbcc23866cfe5511fd0b211bb5638bc5e83166f/BruteForcePanel.java
35,11,0,gh-java/before/zaproxy/5dbcc23866cfe5511fd0b211bb5638bc5e83166f/DirBusterManager.java
1,1,0,gh-java/before/zaproxy/5dbcc23866cfe5511fd0b211bb5638bc5e83166f/BruteForceListenner.java
22,11,0,gh-java/before/zaproxy/5dbcc23866cfe5511fd0b211bb5638bc5e83166f/BruteForce.java
13,0,0,gh-java/before/zaproxy/47516b463954bf417efc90690f5a93f93f1509ac/ExtensionPopupMenu.java
46,2,0,gh-java/before/zaproxy/b872c0f7d8d844d7dcb31ffba19f0a029bac64b3/PortScan.java
61,9,0,gh-java/before/zaproxy/b872c0f7d8d844d7dcb31ffba19f0a029bac64b3/PortScanPanel.java
3,2,0,gh-java/before/zaproxy/7b583fd04d0773c5998bd07f276fc3cded353889/TestExternalRedirect.java
4,1,0,gh-java/before/zaproxy/7b583fd04d0773c5998bd07f276fc3cded353889/TestCrossSiteScript.java
22,18,0,gh-java/before/zaproxy/1da01dca8b0b7be64a60a4cb820eab7928ddb8d5/Control.java
1,0,0,gh-java/before/zaproxy/10e97cd6815dc30df543ec805beb6dd69ed45be0/OptionsViewPanel.java
1,1,0,gh-java/before/zaproxy/10e97cd6815dc30df543ec805beb6dd69ed45be0/OptionsParamView.java
24,1,0,gh-java/before/zaproxy/39b01a67c68479987920479511938d28be91fed3/Scanner.java
5,0,0,gh-java/before/zaproxy/39b01a67c68479987920479511938d28be91fed3/ScannerListener.java
12,3,0,gh-java/before/zaproxy/39b01a67c68479987920479511938d28be91fed3/HostProcess.java
2,0,0,gh-java/before/zaproxy/39b01a67c68479987920479511938d28be91fed3/AbstractPlugin.java
6,1,0,gh-java/before/zaproxy/39b01a67c68479987920479511938d28be91fed3/Analyser.java
2,2,0,gh-java/before/zaproxy/b13ca6cf84c29790d674dc29af644d186f5c2a14/ReportLastScan.java
16,1,0,gh-java/before/zaproxy/ceff3cb262c3d782fcf85209e2f5ae2fc5c64395/Spider.java
33,2,0,gh-java/before/zaproxy/ceff3cb262c3d782fcf85209e2f5ae2fc5c64395/SpiderThread.java
30,32,0,gh-java/before/zaproxy/89ef12a19375867a0866681f768a7740bdea342f/OptionsParamCertificate.java
188,235,0,gh-java/before/zaproxy/89ef12a19375867a0866681f768a7740bdea342f/SSLConnector.java
663,227,0,gh-java/before/zaproxy/89ef12a19375867a0866681f768a7740bdea342f/OptionsCertificatePanel.java
101,10,0,gh-java/before/zaproxy/d4d059eb65da7e7ee833d984711c3db7c133710f/OptionsViewPanel.java
26,2,0,gh-java/before/zaproxy/d4d059eb65da7e7ee833d984711c3db7c133710f/OptionsParamView.java
0,2,0,gh-java/before/zaproxy/a23c832f3f0becf96d51bfc1fb071d5a2350a177/Control.java
72,3,0,gh-java/before/zaproxy/c2ef6a286eb4f0fddd1d9671d64b9b5baf1026c3/HttpMessage.java
16,4,0,gh-java/before/zaproxy/c2ef6a286eb4f0fddd1d9671d64b9b5baf1026c3/Control.java
4,0,0,gh-java/before/zaproxy/c2ef6a286eb4f0fddd1d9671d64b9b5baf1026c3/SiteNode.java
10,0,0,gh-java/before/zaproxy/c2ef6a286eb4f0fddd1d9671d64b9b5baf1026c3/ExtensionHook.java
22,2,0,gh-java/before/zaproxy/c2ef6a286eb4f0fddd1d9671d64b9b5baf1026c3/ExtensionLoader.java
19,2,0,gh-java/before/zaproxy/c2ef6a286eb4f0fddd1d9671d64b9b5baf1026c3/SiteMapPanel.java
15,3,0,gh-java/before/zaproxy/a43e3629d908f34a89f18a02f66123c64f3981fb/ProxyListenerPassiveScan.java
25,2,0,gh-java/before/zaproxy/599a94da53277c1deb7da9ef84a371e964d5ce45/MainPopupMenu.java
6,0,0,gh-java/before/zaproxy/c972ed0898b7a3f80ddd014e1b755b34f8815e05/PortScanPanel.java
59,10,0,gh-java/before/zaproxy/419dacda0e65186d468732da889402226c65f856/BruteForcePanel.java
19,1,0,gh-java/before/zaproxy/419dacda0e65186d468732da889402226c65f856/ExtensionPortScan.java
20,11,0,gh-java/before/zaproxy/419dacda0e65186d468732da889402226c65f856/PortScan.java
38,2,0,gh-java/before/zaproxy/419dacda0e65186d468732da889402226c65f856/ExtensionBruteForce.java
13,4,0,gh-java/before/zaproxy/419dacda0e65186d468732da889402226c65f856/BruteForce.java
19,489,0,gh-java/before/zaproxy/419dacda0e65186d468732da889402226c65f856/PortScanPanel.java
2,1,0,gh-java/before/elastic-search/cfafb52bebbd5bb50b4fc74b1aebc121a9e91548/TransportFlushAction.java
1,0,0,gh-java/before/elastic-search/cfafb52bebbd5bb50b4fc74b1aebc121a9e91548/TransportActions.java
0,4,0,gh-java/before/elastic-search/cfafb52bebbd5bb50b4fc74b1aebc121a9e91548/GatewaySnapshotRequest.java
4,4,0,gh-java/before/elastic-search/cfafb52bebbd5bb50b4fc74b1aebc121a9e91548/SimpleEngineBenchmark.java
0,4,0,gh-java/before/elastic-search/cfafb52bebbd5bb50b4fc74b1aebc121a9e91548/RefreshRequest.java
0,4,0,gh-java/before/elastic-search/cfafb52bebbd5bb50b4fc74b1aebc121a9e91548/ReplicationPingRequest.java
0,4,0,gh-java/before/elastic-search/cfafb52bebbd5bb50b4fc74b1aebc121a9e91548/FlushRequest.java
2,0,0,gh-java/before/elastic-search/cfafb52bebbd5bb50b4fc74b1aebc121a9e91548/TransportActionModule.java
0,4,0,gh-java/before/elastic-search/cfafb52bebbd5bb50b4fc74b1aebc121a9e91548/BroadcastPingRequest.java
6,23,0,gh-java/before/elastic-search/7631b1383b2702d0cf844c49e54a2fb3794f3d52/RefreshResponse.java
78,17,0,gh-java/before/elastic-search/7631b1383b2702d0cf844c49e54a2fb3794f3d52/TransportFlushAction.java
15,14,0,gh-java/before/elastic-search/7631b1383b2702d0cf844c49e54a2fb3794f3d52/HttpRefreshAction.java
16,9,0,gh-java/before/elastic-search/7631b1383b2702d0cf844c49e54a2fb3794f3d52/SimpleSingleTransportClientTests.java
7,24,0,gh-java/before/elastic-search/7631b1383b2702d0cf844c49e54a2fb3794f3d52/FlushResponse.java
36,0,0,gh-java/before/elastic-search/7631b1383b2702d0cf844c49e54a2fb3794f3d52/RoutingTable.java
13,3,0,gh-java/before/elastic-search/7631b1383b2702d0cf844c49e54a2fb3794f3d52/ShardStatus.java
4,18,0,gh-java/before/elastic-search/7631b1383b2702d0cf844c49e54a2fb3794f3d52/ShardFlushRequest.java
11,9,0,gh-java/before/elastic-search/7631b1383b2702d0cf844c49e54a2fb3794f3d52/RefreshRequest.java
8,3,0,gh-java/before/elastic-search/7631b1383b2702d0cf844c49e54a2fb3794f3d52/ShardFlushResponse.java
8,3,0,gh-java/before/elastic-search/7631b1383b2702d0cf844c49e54a2fb3794f3d52/ShardRefreshResponse.java
9,1,0,gh-java/before/elastic-search/7631b1383b2702d0cf844c49e54a2fb3794f3d52/TransportBroadcastPingAction.java
34,21,0,gh-java/before/elastic-search/7631b1383b2702d0cf844c49e54a2fb3794f3d52/TransportIndicesStatusAction.java
11,4,0,gh-java/before/elastic-search/7631b1383b2702d0cf844c49e54a2fb3794f3d52/IndicesStatusResponse.java
5,0,0,gh-java/before/elastic-search/7631b1383b2702d0cf844c49e54a2fb3794f3d52/ImmutableShardRouting.java
53,18,0,gh-java/before/elastic-search/7631b1383b2702d0cf844c49e54a2fb3794f3d52/TransportRefreshAction.java
12,10,0,gh-java/before/elastic-search/7631b1383b2702d0cf844c49e54a2fb3794f3d52/FlushRequest.java
14,0,0,gh-java/before/elastic-search/7631b1383b2702d0cf844c49e54a2fb3794f3d52/HttpIndicesStatusAction.java
6,7,0,gh-java/before/elastic-search/7631b1383b2702d0cf844c49e54a2fb3794f3d52/IndicesStatusRequest.java
14,11,0,gh-java/before/elastic-search/7631b1383b2702d0cf844c49e54a2fb3794f3d52/TransportBroadcastOperationAction.java
21,0,0,gh-java/before/elastic-search/7631b1383b2702d0cf844c49e54a2fb3794f3d52/IndexRoutingTable.java
9,1,0,gh-java/before/elastic-search/7631b1383b2702d0cf844c49e54a2fb3794f3d52/TransportCountAction.java
5,18,0,gh-java/before/elastic-search/7631b1383b2702d0cf844c49e54a2fb3794f3d52/ShardRefreshRequest.java
5,0,0,gh-java/before/elastic-search/7631b1383b2702d0cf844c49e54a2fb3794f3d52/ShardRouting.java
5,4,0,gh-java/before/elastic-search/7631b1383b2702d0cf844c49e54a2fb3794f3d52/DocumentActionsTests.java
0,11,0,gh-java/before/elastic-search/7631b1383b2702d0cf844c49e54a2fb3794f3d52/TransportActionModule.java
15,14,0,gh-java/before/elastic-search/7631b1383b2702d0cf844c49e54a2fb3794f3d52/HttpFlushAction.java
9,0,0,gh-java/before/elastic-search/c92b3422164ee2da4747c6dac0cf9921f4219060/SettingsLoaderFactory.java
2,1,0,gh-java/before/elastic-search/c92b3422164ee2da4747c6dac0cf9921f4219060/MetaDataService.java
3,0,0,gh-java/before/elastic-search/c92b3422164ee2da4747c6dac0cf9921f4219060/Settings.java
119,4,0,gh-java/before/elastic-search/c92b3422164ee2da4747c6dac0cf9921f4219060/ImmutableSettings.java
10,5,0,gh-java/before/elastic-search/b61964a2b8a4f6465928efcb5b1b434dbbb6b1a5/DiscoveryModule.java
4,0,0,gh-java/before/elastic-search/b61964a2b8a4f6465928efcb5b1b434dbbb6b1a5/Discovery.java
4,0,0,gh-java/before/elastic-search/b61964a2b8a4f6465928efcb5b1b434dbbb6b1a5/DiscoveryService.java
11,6,0,gh-java/before/elastic-search/847db717c66509a817e1b965226ee1e44c08918d/TransportModule.java
2,2,0,gh-java/before/elastic-search/847db717c66509a817e1b965226ee1e44c08918d/NettyTransportChannel.java
1,1,0,gh-java/before/elastic-search/847db717c66509a817e1b965226ee1e44c08918d/DiscoveryModule.java
1,0,0,gh-java/before/elastic-search/847db717c66509a817e1b965226ee1e44c08918d/TransportAddressSerializers.java
1,1,0,gh-java/before/elastic-search/847db717c66509a817e1b965226ee1e44c08918d/NettyTransportManagement.java
3,2,0,gh-java/before/elastic-search/847db717c66509a817e1b965226ee1e44c08918d/LocalDiscovery.java
13,0,0,gh-java/before/elastic-search/5ac51ee93feab6c75fcbe979b9bb338962622c2e/NettyHttpServerTransport.java
2,2,0,gh-java/before/elastic-search/ade36f026b0a676cc879992636856cd5f69430c1/SimpleSingleTransportClientTests.java
135,42,0,gh-java/before/elastic-search/ade36f026b0a676cc879992636856cd5f69430c1/InternalTransportClient.java
97,30,0,gh-java/before/elastic-search/ade36f026b0a676cc879992636856cd5f69430c1/InternalTransportClusterAdminClient.java
135,42,0,gh-java/before/elastic-search/ade36f026b0a676cc879992636856cd5f69430c1/InternalTransportIndicesAdminClient.java
18,2,0,gh-java/before/elastic-search/ade36f026b0a676cc879992636856cd5f69430c1/TransportClientNodesService.java
13,13,0,gh-java/before/elastic-search/9e8b5e50607b759dba4ce3d4d9104b6539d370df/SimpleJsonIndexQueryParserTests.java
14,0,0,gh-java/before/elastic-search/9e8b5e50607b759dba4ce3d4d9104b6539d370df/BoolJsonFilterParser.java
14,0,0,gh-java/before/elastic-search/9e8b5e50607b759dba4ce3d4d9104b6539d370df/BoolJsonQueryParser.java
47,7,0,gh-java/before/elastic-search/8f1023cbbeae5a2f067c07580abdd9aaf087247b/JsonBuilder.java
1,1,0,gh-java/before/elastic-search/8f1023cbbeae5a2f067c07580abdd9aaf087247b/HttpCountAction.java
2,2,0,gh-java/before/elastic-search/8f1023cbbeae5a2f067c07580abdd9aaf087247b/JsonThrowableHttpResponse.java
1,1,0,gh-java/before/elastic-search/8f1023cbbeae5a2f067c07580abdd9aaf087247b/HttpCreateMappingAction.java
1,1,0,gh-java/before/elastic-search/8f1023cbbeae5a2f067c07580abdd9aaf087247b/SearchSourceBuilder.java
1,1,0,gh-java/before/elastic-search/8f1023cbbeae5a2f067c07580abdd9aaf087247b/HttpIndexAction.java
1,1,0,gh-java/before/elastic-search/8f1023cbbeae5a2f067c07580abdd9aaf087247b/BaseJsonQueryBuilder.java
9,0,0,gh-java/before/elastic-search/8f1023cbbeae5a2f067c07580abdd9aaf087247b/SimpleJodaTests.java
2,2,0,gh-java/before/elastic-search/8f1023cbbeae5a2f067c07580abdd9aaf087247b/HttpDeleteIndexAction.java
1,1,0,gh-java/before/elastic-search/8f1023cbbeae5a2f067c07580abdd9aaf087247b/HttpCreateIndexAction.java
1,1,0,gh-java/before/elastic-search/8f1023cbbeae5a2f067c07580abdd9aaf087247b/HttpDeleteByQueryAction.java
1,1,0,gh-java/before/elastic-search/8f1023cbbeae5a2f067c07580abdd9aaf087247b/HttpSearchAction.java
1,1,0,gh-java/before/elastic-search/8f1023cbbeae5a2f067c07580abdd9aaf087247b/HttpJsonBuilder.java
1,0,0,gh-java/before/elastic-search/bd2b0a632bfc5aabb408e7f47cfaa52a7d1b2b50/JsonQueryParserRegistry.java
20,0,0,gh-java/before/elastic-search/bd2b0a632bfc5aabb408e7f47cfaa52a7d1b2b50/JsonFilterBuilders.java
31,0,0,gh-java/before/elastic-search/bd2b0a632bfc5aabb408e7f47cfaa52a7d1b2b50/SimpleJsonIndexQueryParserTests.java
6,2,0,gh-java/before/elastic-search/bc217d99ce4a42363840f0b34ae0dcb8e26eaf93/JsonBuilder.java
10,1,0,gh-java/before/elastic-search/bc217d99ce4a42363840f0b34ae0dcb8e26eaf93/JsonDocumentMapper.java
11,1,0,gh-java/before/elastic-search/bc217d99ce4a42363840f0b34ae0dcb8e26eaf93/JsonIndexQueryParser.java
5,1,0,gh-java/before/elastic-search/bc217d99ce4a42363840f0b34ae0dcb8e26eaf93/JsonSettingsLoader.java
11,2,0,gh-java/before/elastic-search/14f2445e2a0316f2e5d933e1f3bc4a64c175b565/IndexRequest.java
178,0,0,gh-java/before/elastic-search/14f2445e2a0316f2e5d933e1f3bc4a64c175b565/Client.java
139,14,0,gh-java/before/elastic-search/14f2445e2a0316f2e5d933e1f3bc4a64c175b565/Requests.java
23,0,0,gh-java/before/elastic-search/14f2445e2a0316f2e5d933e1f3bc4a64c175b565/TransportClient.java
2,0,0,gh-java/before/elastic-search/14f2445e2a0316f2e5d933e1f3bc4a64c175b565/NoNodeAvailableException.java
53,6,0,gh-java/before/elastic-search/14f2445e2a0316f2e5d933e1f3bc4a64c175b565/ClusterAdminClient.java
157,0,0,gh-java/before/elastic-search/14f2445e2a0316f2e5d933e1f3bc4a64c175b565/IndicesAdminClient.java
9,0,0,gh-java/before/elastic-search/14f2445e2a0316f2e5d933e1f3bc4a64c175b565/AdminClient.java
21,0,0,gh-java/before/elastic-search/14f2445e2a0316f2e5d933e1f3bc4a64c175b565/Server.java
42,0,0,gh-java/before/elastic-search/14f2445e2a0316f2e5d933e1f3bc4a64c175b565/ServerBuilder.java
11,7,0,gh-java/before/elastic-search/14f2445e2a0316f2e5d933e1f3bc4a64c175b565/ElasticSearchException.java
23,2,0,gh-java/before/elastic-search/604c407e91ab296d95130a5dd63a647ec3024799/MapperService.java
2,0,0,gh-java/before/elastic-search/1d732dfc1b08deca0f20b467fe4c66f041bb37b5/SettingsModule.java
3,0,0,gh-java/before/elastic-search/1d732dfc1b08deca0f20b467fe4c66f041bb37b5/SettingsLoader.java
3,0,0,gh-java/before/elastic-search/1d732dfc1b08deca0f20b467fe4c66f041bb37b5/YamlSettingsLoader.java
2,0,0,gh-java/before/elastic-search/1d732dfc1b08deca0f20b467fe4c66f041bb37b5/SettingsException.java
3,0,0,gh-java/before/elastic-search/1d732dfc1b08deca0f20b467fe4c66f041bb37b5/NoClassSettingsException.java
2,1,0,gh-java/before/elastic-search/1d732dfc1b08deca0f20b467fe4c66f041bb37b5/JsonSettingsLoader.java
1,1,0,gh-java/before/elastic-search/1d732dfc1b08deca0f20b467fe4c66f041bb37b5/PropertiesSettingsLoader.java
142,2,0,gh-java/before/elastic-search/1d732dfc1b08deca0f20b467fe4c66f041bb37b5/Settings.java
3,3,0,gh-java/before/elastic-search/1d732dfc1b08deca0f20b467fe4c66f041bb37b5/ImmutableSettings.java
1,5,0,gh-java/before/elastic-search/78eaacccefae44e9cabc44216b26175e830cdcf8/JgroupsDiscovery.java
97,118,0,gh-java/before/drool/aa04dad3cbb1e3bdce785be4f473e8265f61d92a/LogicTransformerTest.java
14,63,0,gh-java/before/drool/aa04dad3cbb1e3bdce785be4f473e8265f61d92a/LogicTransformer.java
2,1,0,gh-java/before/drool/aa04dad3cbb1e3bdce785be4f473e8265f61d92a/Rule.java
7,9,0,gh-java/before/drool/5bb719f6dfb992dc029f5bfc484c8008fd64ffef/AbstractConflictResolver.java
9,12,0,gh-java/before/drool/5bb719f6dfb992dc029f5bfc484c8008fd64ffef/FactException.java
12,16,0,gh-java/before/drool/5bb719f6dfb992dc029f5bfc484c8008fd64ffef/LoadOrderConflictResolver.java
13,18,0,gh-java/before/drool/5bb719f6dfb992dc029f5bfc484c8008fd64ffef/NoSuchFactObjectException.java
11,15,0,gh-java/before/drool/5bb719f6dfb992dc029f5bfc484c8008fd64ffef/RandomConflictResolver.java
11,16,0,gh-java/before/drool/5bb719f6dfb992dc029f5bfc484c8008fd64ffef/RecencyConflictResolver.java
2,3,0,gh-java/before/drool/5bb719f6dfb992dc029f5bfc484c8008fd64ffef/Visitor.java
3,4,0,gh-java/before/drool/5bb719f6dfb992dc029f5bfc484c8008fd64ffef/FactHandle.java
12,16,0,gh-java/before/drool/5bb719f6dfb992dc029f5bfc484c8008fd64ffef/LifoConflictResolver.java
10,13,0,gh-java/before/drool/5bb719f6dfb992dc029f5bfc484c8008fd64ffef/AssertionException.java
1,2,0,gh-java/before/drool/5bb719f6dfb992dc029f5bfc484c8008fd64ffef/InitialFact.java
12,16,0,gh-java/before/drool/5bb719f6dfb992dc029f5bfc484c8008fd64ffef/ComplexityConflictResolver.java
15,19,0,gh-java/before/drool/5bb719f6dfb992dc029f5bfc484c8008fd64ffef/NoSuchFactHandleException.java
15,17,0,gh-java/before/drool/5bb719f6dfb992dc029f5bfc484c8008fd64ffef/RuleIntegrationException.java
8,12,0,gh-java/before/drool/5bb719f6dfb992dc029f5bfc484c8008fd64ffef/CompositeConflictResolver.java
12,20,0,gh-java/before/drool/5bb719f6dfb992dc029f5bfc484c8008fd64ffef/DefaultConflictResolver.java
11,16,0,gh-java/before/drool/5bb719f6dfb992dc029f5bfc484c8008fd64ffef/PrimacyConflictResolver.java
17,19,0,gh-java/before/drool/5bb719f6dfb992dc029f5bfc484c8008fd64ffef/RuleSetIntegrationException.java
92,85,0,gh-java/before/drool/5bb719f6dfb992dc029f5bfc484c8008fd64ffef/WorkingMemory.java
10,16,0,gh-java/before/drool/5bb719f6dfb992dc029f5bfc484c8008fd64ffef/DroolsException.java
6,10,0,gh-java/before/drool/5bb719f6dfb992dc029f5bfc484c8008fd64ffef/IntegrationException.java
2,2,0,gh-java/before/drool/5bb719f6dfb992dc029f5bfc484c8008fd64ffef/DroolsRuntimeException.java
18,20,0,gh-java/before/drool/5bb719f6dfb992dc029f5bfc484c8008fd64ffef/RuleBase.java
10,8,0,gh-java/before/drool/5bb719f6dfb992dc029f5bfc484c8008fd64ffef/WorkingMemoryTemplate.java
12,16,0,gh-java/before/drool/5bb719f6dfb992dc029f5bfc484c8008fd64ffef/SalienceConflictResolver.java
10,13,0,gh-java/before/drool/5bb719f6dfb992dc029f5bfc484c8008fd64ffef/RetractionException.java
12,16,0,gh-java/before/drool/5bb719f6dfb992dc029f5bfc484c8008fd64ffef/FifoConflictResolver.java
6,2,0,gh-java/before/drool/cd47141d589e5ad641a48a5c57eedb0dff66f4b8/Keywords.java
27,13,0,gh-java/before/drool/cd47141d589e5ad641a48a5c57eedb0dff66f4b8/HTMLDocParserTest.java
78,14,0,gh-java/before/drool/cd47141d589e5ad641a48a5c57eedb0dff66f4b8/RuleDocumentListener.java
142,18,0,gh-java/before/drool/cd47141d589e5ad641a48a5c57eedb0dff66f4b8/HTMLDocParser.java
9,0,0,gh-java/before/drool/cd47141d589e5ad641a48a5c57eedb0dff66f4b8/AbstractSyntaxNode.java
4,0,0,gh-java/before/drool/cd47141d589e5ad641a48a5c57eedb0dff66f4b8/NaturalLanguageException.java
12,11,0,gh-java/before/drool/33fb67760ec1f2a470b472e849ec67202a0dee36/ClassObjectType.java
74,21,0,gh-java/before/drool/33fb67760ec1f2a470b472e849ec67202a0dee36/BetaNodeBinder.java
1,1,0,gh-java/before/drool/33fb67760ec1f2a470b472e849ec67202a0dee36/Exists.java
1,1,0,gh-java/before/drool/33fb67760ec1f2a470b472e849ec67202a0dee36/NoSuchFactObjectException.java
15,1,0,gh-java/before/drool/33fb67760ec1f2a470b472e849ec67202a0dee36/ObjectTypeNode.java
305,44,0,gh-java/before/drool/33fb67760ec1f2a470b472e849ec67202a0dee36/Builder.java
5,5,0,gh-java/before/drool/33fb67760ec1f2a470b472e849ec67202a0dee36/JoinNodeTest.java
0,1,0,gh-java/before/drool/33fb67760ec1f2a470b472e849ec67202a0dee36/Tuple.java
4,4,0,gh-java/before/drool/33fb67760ec1f2a470b472e849ec67202a0dee36/ConstraintTest.java
7,0,0,gh-java/before/drool/33fb67760ec1f2a470b472e849ec67202a0dee36/ObjectSource.java
6,6,0,gh-java/before/drool/33fb67760ec1f2a470b472e849ec67202a0dee36/LogicTransformerTest.java
16,0,0,gh-java/before/drool/33fb67760ec1f2a470b472e849ec67202a0dee36/Column.java
1,1,0,gh-java/before/drool/33fb67760ec1f2a470b472e849ec67202a0dee36/PredicateExpressionConstraint.java
4,4,0,gh-java/before/drool/33fb67760ec1f2a470b472e849ec67202a0dee36/NotNodeTest.java
1,1,0,gh-java/before/drool/33fb67760ec1f2a470b472e849ec67202a0dee36/BetaNode.java
6,6,0,gh-java/before/drool/33fb67760ec1f2a470b472e849ec67202a0dee36/LogicTransformer.java
1,1,0,gh-java/before/drool/33fb67760ec1f2a470b472e849ec67202a0dee36/ReteTuple.java
17,0,0,gh-java/before/drool/33fb67760ec1f2a470b472e849ec67202a0dee36/AlphaNode.java
0,27,0,gh-java/before/drool/33fb67760ec1f2a470b472e849ec67202a0dee36/Rete.java
9,7,0,gh-java/before/drool/33fb67760ec1f2a470b472e849ec67202a0dee36/PredicateConstraint.java
2,1,0,gh-java/before/drool/49a86425a3c6d1f79587af7de0c610f863a1e56d/SimpleSnippetLexerTest.java
0,2,0,gh-java/before/drool/49a86425a3c6d1f79587af7de0c610f863a1e56d/SimpleSnippetLexer.java
7,3,0,gh-java/before/drool/9cee55d7e195596bce918ccab6c144efca6ecc85/HTMLDocParser.java
4,4,0,gh-java/before/drool/297a5ab55743e49187daf4f2b9cd1512e9d1d72c/SchedulerTest.java
119,0,0,gh-java/before/drool/297a5ab55743e49187daf4f2b9cd1512e9d1d72c/AlphaNodeTest.java
21,27,0,gh-java/before/drool/297a5ab55743e49187daf4f2b9cd1512e9d1d72c/WorkingMemoryImpl.java
34,34,0,gh-java/before/drool/297a5ab55743e49187daf4f2b9cd1512e9d1d72c/ObjectTypeNode.java
11,3,0,gh-java/before/drool/297a5ab55743e49187daf4f2b9cd1512e9d1d72c/Builder.java
161,54,0,gh-java/before/drool/297a5ab55743e49187daf4f2b9cd1512e9d1d72c/JoinNodeTest.java
32,31,0,gh-java/before/drool/297a5ab55743e49187daf4f2b9cd1512e9d1d72c/ObjectSourceTest.java
21,0,0,gh-java/before/drool/297a5ab55743e49187daf4f2b9cd1512e9d1d72c/LeftInputAdapterNode.java
7,1,0,gh-java/before/drool/297a5ab55743e49187daf4f2b9cd1512e9d1d72c/JoinNode.java
8,48,0,gh-java/before/drool/297a5ab55743e49187daf4f2b9cd1512e9d1d72c/ObjectSource.java
145,145,0,gh-java/before/drool/297a5ab55743e49187daf4f2b9cd1512e9d1d72c/ReflectiveVisitor.java
9,12,0,gh-java/before/drool/297a5ab55743e49187daf4f2b9cd1512e9d1d72c/Agenda.java
2,2,0,gh-java/before/drool/297a5ab55743e49187daf4f2b9cd1512e9d1d72c/BetaMemory.java
1,1,0,gh-java/before/drool/297a5ab55743e49187daf4f2b9cd1512e9d1d72c/LogicTransformerTest.java
59,32,0,gh-java/before/drool/297a5ab55743e49187daf4f2b9cd1512e9d1d72c/ObjectTypeNodeTest.java
63,0,0,gh-java/before/drool/297a5ab55743e49187daf4f2b9cd1512e9d1d72c/BaseNode.java
4,2,0,gh-java/before/drool/297a5ab55743e49187daf4f2b9cd1512e9d1d72c/AddRemoveTest.java
19,33,0,gh-java/before/drool/297a5ab55743e49187daf4f2b9cd1512e9d1d72c/TupleSource.java
22,0,0,gh-java/before/drool/297a5ab55743e49187daf4f2b9cd1512e9d1d72c/MockTupleSource.java
67,71,0,gh-java/before/drool/297a5ab55743e49187daf4f2b9cd1512e9d1d72c/LogicalAssertionTest.java
82,5,0,gh-java/before/drool/297a5ab55743e49187daf4f2b9cd1512e9d1d72c/BetaNode.java
17,115,0,gh-java/before/drool/297a5ab55743e49187daf4f2b9cd1512e9d1d72c/ReteTest.java
11,10,0,gh-java/before/drool/297a5ab55743e49187daf4f2b9cd1512e9d1d72c/TupleSourceTest.java
1,1,0,gh-java/before/drool/297a5ab55743e49187daf4f2b9cd1512e9d1d72c/RuleBaseImplTest.java
153,8,0,gh-java/before/drool/297a5ab55743e49187daf4f2b9cd1512e9d1d72c/TestNodeTest.java
56,22,0,gh-java/before/drool/297a5ab55743e49187daf4f2b9cd1512e9d1d72c/AlphaNode.java
63,3,0,gh-java/before/drool/297a5ab55743e49187daf4f2b9cd1512e9d1d72c/MockTupleSink.java
8,31,0,gh-java/before/drool/297a5ab55743e49187daf4f2b9cd1512e9d1d72c/Rete.java
29,0,0,gh-java/before/drool/297a5ab55743e49187daf4f2b9cd1512e9d1d72c/BaseNodeTest.java
1,3,0,gh-java/before/drool/297a5ab55743e49187daf4f2b9cd1512e9d1d72c/TupleSink.java
0,6,0,gh-java/before/drool/297a5ab55743e49187daf4f2b9cd1512e9d1d72c/MockObjectSink.java
12,0,0,gh-java/before/drool/297a5ab55743e49187daf4f2b9cd1512e9d1d72c/RightInputAdapterNode.java
21,0,0,gh-java/before/drool/297a5ab55743e49187daf4f2b9cd1512e9d1d72c/MockObjectSource.java
1,9,0,gh-java/before/drool/297a5ab55743e49187daf4f2b9cd1512e9d1d72c/RuleBaseImpl.java
1,3,0,gh-java/before/drool/297a5ab55743e49187daf4f2b9cd1512e9d1d72c/ObjectSink.java
5,0,0,gh-java/before/drool/297a5ab55743e49187daf4f2b9cd1512e9d1d72c/ModuleImpl.java
95,14,0,gh-java/before/drool/297a5ab55743e49187daf4f2b9cd1512e9d1d72c/TestNode.java
6,0,0,gh-java/before/drool/54d3f9cedde281684ec77f5f36b855845a4a7738/AlphaNode.java
8,1,0,gh-java/before/drool/54d3f9cedde281684ec77f5f36b855845a4a7738/Rete.java
4,2,0,gh-java/before/drool/54d3f9cedde281684ec77f5f36b855845a4a7738/RuleBaseImpl.java
3,3,0,gh-java/before/drool/4360bdbddd95ce88a5b3ed1de9791a87bdd95339/HTMLDocParser.java
7,6,0,gh-java/before/signal-server/591d26981e1c0b89407c9ea0885fdcefe46409f8/Accounts.java
5,5,0,gh-java/before/signal-server/591d26981e1c0b89407c9ea0885fdcefe46409f8/AccountsManager.java
5,0,0,gh-java/before/signal-server/e39016ad35bba6d8df0d4a4b69ddaf3b1a940a67/WhisperServerService.java
7,0,0,gh-java/before/signal-server/2dc5857645836546d42dae4eb1311738688bdba0/UnstructuredPreKeyList.java
9,1,0,gh-java/before/signal-server/ef1160eda850892a6cdf4eea705cd76058cef8c4/RelayMessage.java
56,16,0,gh-java/before/signal-server/ef1160eda850892a6cdf4eea705cd76058cef8c4/KeysController.java
1,1,0,gh-java/before/signal-server/ef1160eda850892a6cdf4eea705cd76058cef8c4/PreKeyTest.java
5,1,0,gh-java/before/signal-server/ef1160eda850892a6cdf4eea705cd76058cef8c4/AuthHelper.java
72,33,0,gh-java/before/signal-server/ef1160eda850892a6cdf4eea705cd76058cef8c4/Accounts.java
9,1,0,gh-java/before/signal-server/ef1160eda850892a6cdf4eea705cd76058cef8c4/AccountAttributes.java
663,203,0,gh-java/before/signal-server/ef1160eda850892a6cdf4eea705cd76058cef8c4/MessageProtos.java
28,14,0,gh-java/before/signal-server/ef1160eda850892a6cdf4eea705cd76058cef8c4/Keys.java
27,7,0,gh-java/before/signal-server/ef1160eda850892a6cdf4eea705cd76058cef8c4/AuthorizationHeader.java
27,2,0,gh-java/before/signal-server/ef1160eda850892a6cdf4eea705cd76058cef8c4/Account.java
18,9,0,gh-java/before/signal-server/ef1160eda850892a6cdf4eea705cd76058cef8c4/PushSender.java
12,10,0,gh-java/before/signal-server/ef1160eda850892a6cdf4eea705cd76058cef8c4/MessageController.java
14,1,0,gh-java/before/signal-server/ef1160eda850892a6cdf4eea705cd76058cef8c4/PreKey.java
6,0,0,gh-java/before/signal-server/ef1160eda850892a6cdf4eea705cd76058cef8c4/PendingAccountsManager.java
5,4,0,gh-java/before/signal-server/ef1160eda850892a6cdf4eea705cd76058cef8c4/FederatedClient.java
84,12,0,gh-java/before/signal-server/ef1160eda850892a6cdf4eea705cd76058cef8c4/AccountControllerTest.java
11,0,0,gh-java/before/signal-server/ef1160eda850892a6cdf4eea705cd76058cef8c4/IncomingMessage.java
15,0,0,gh-java/before/signal-server/ef1160eda850892a6cdf4eea705cd76058cef8c4/VerificationCode.java
15,5,0,gh-java/before/signal-server/ef1160eda850892a6cdf4eea705cd76058cef8c4/WhisperServerService.java
44,17,0,gh-java/before/signal-server/ef1160eda850892a6cdf4eea705cd76058cef8c4/AccountsManager.java
84,13,0,gh-java/before/signal-server/ef1160eda850892a6cdf4eea705cd76058cef8c4/AccountController.java
9,8,0,gh-java/before/signal-server/ef1160eda850892a6cdf4eea705cd76058cef8c4/DirectoryUpdater.java
12,13,0,gh-java/before/signal-server/ef1160eda850892a6cdf4eea705cd76058cef8c4/FederationController.java
59,10,0,gh-java/before/signal-server/ef1160eda850892a6cdf4eea705cd76058cef8c4/KeyControllerTest.java
2,0,0,gh-java/before/signal-server/ef1160eda850892a6cdf4eea705cd76058cef8c4/PendingAccounts.java
7,1,0,gh-java/before/signal-server/ef1160eda850892a6cdf4eea705cd76058cef8c4/AccountAuthenticator.java
15,14,0,gh-java/before/signal-server/bd6cf10402d54e7f2e033ac6d3580ff77e34a76a/DeviceController.java
8,8,0,gh-java/before/signal-server/bd6cf10402d54e7f2e033ac6d3580ff77e34a76a/KeysController.java
28,28,0,gh-java/before/signal-server/bd6cf10402d54e7f2e033ac6d3580ff77e34a76a/Accounts.java
5,6,0,gh-java/before/signal-server/bd6cf10402d54e7f2e033ac6d3580ff77e34a76a/DirectoryController.java
4,5,0,gh-java/before/signal-server/bd6cf10402d54e7f2e033ac6d3580ff77e34a76a/AttachmentController.java
23,23,0,gh-java/before/signal-server/bd6cf10402d54e7f2e033ac6d3580ff77e34a76a/PushSender.java
12,12,0,gh-java/before/signal-server/bd6cf10402d54e7f2e033ac6d3580ff77e34a76a/MessageController.java
6,8,0,gh-java/before/signal-server/bd6cf10402d54e7f2e033ac6d3580ff77e34a76a/WhisperServerService.java
24,24,0,gh-java/before/signal-server/bd6cf10402d54e7f2e033ac6d3580ff77e34a76a/AccountController.java
10,10,0,gh-java/before/signal-server/bd6cf10402d54e7f2e033ac6d3580ff77e34a76a/FederationController.java
1,0,0,gh-java/before/signal-server/cb185a65527bdd3cd5a1dc6576746a93007a2192/RelayMessage.java
16,174,0,gh-java/before/signal-server/cb185a65527bdd3cd5a1dc6576746a93007a2192/MessageProtos.java
8,4,0,gh-java/before/signal-server/cb185a65527bdd3cd5a1dc6576746a93007a2192/MessageController.java
1,1,0,gh-java/before/signal-server/c194ce153dc2961a786ae9e77f5cb0f578887abc/WhisperServerConfiguration.java
8,0,0,gh-java/before/signal-server/c194ce153dc2961a786ae9e77f5cb0f578887abc/TwilioConfiguration.java
2,2,0,gh-java/before/signal-server/c194ce153dc2961a786ae9e77f5cb0f578887abc/SenderFactory.java
13,1,0,gh-java/before/signal-server/c194ce153dc2961a786ae9e77f5cb0f578887abc/AccountController.java
46,34,0,gh-java/before/signal-server/c194ce153dc2961a786ae9e77f5cb0f578887abc/TwilioSmsSender.java
9,16,0,gh-java/before/signal-server/605e88d4bfb7e5afa56ae70fe16bb0e973865124/KeysController.java
1,1,0,gh-java/before/signal-server/605e88d4bfb7e5afa56ae70fe16bb0e973865124/KeyControllerTest.java
6,28,0,gh-java/before/signal-server/2473505d4e45ded916957c7dfb630d055c223e6f/Accounts.java
5,0,0,gh-java/before/signal-server/2473505d4e45ded916957c7dfb630d055c223e6f/Account.java
12,20,0,gh-java/before/signal-server/2473505d4e45ded916957c7dfb630d055c223e6f/AccountsManager.java
8,9,0,gh-java/before/signal-server/2473505d4e45ded916957c7dfb630d055c223e6f/DirectoryUpdater.java
5,7,0,gh-java/before/signal-server/2473505d4e45ded916957c7dfb630d055c223e6f/FederationController.java
7,0,0,gh-java/before/signal-server/96435648d310916bf866443823c053dfa2b083e0/TwilioConfiguration.java
4,7,0,gh-java/before/signal-server/96435648d310916bf866443823c053dfa2b083e0/AccountControllerTest.java
27,13,0,gh-java/before/signal-server/96435648d310916bf866443823c053dfa2b083e0/WhisperServerService.java
7,8,0,gh-java/before/signal-server/96435648d310916bf866443823c053dfa2b083e0/AccountController.java
3,8,0,gh-java/before/signal-server/96435648d310916bf866443823c053dfa2b083e0/NexmoSmsSender.java
24,22,0,gh-java/before/signal-server/96435648d310916bf866443823c053dfa2b083e0/TwilioSmsSender.java
1,1,0,gh-java/before/signal-server/40a988c0cd93ffbb7aec92376852d3c88e8d159e/KeysController.java
4,30,0,gh-java/before/signal-server/40a988c0cd93ffbb7aec92376852d3c88e8d159e/AccountControllerTest.java
4,0,0,gh-java/before/signal-server/40a988c0cd93ffbb7aec92376852d3c88e8d159e/VerificationCode.java
3,1,0,gh-java/before/signal-server/40a988c0cd93ffbb7aec92376852d3c88e8d159e/WhisperServerService.java
3,67,0,gh-java/before/signal-server/40a988c0cd93ffbb7aec92376852d3c88e8d159e/AccountController.java
21,37,0,gh-java/before/signal-server/5845d2dedd2ac41456376cf151fd1adfe0931a71/KeysController.java
1,2,0,gh-java/before/signal-server/5845d2dedd2ac41456376cf151fd1adfe0931a71/WhisperServerService.java
2,3,0,gh-java/before/signal-server/5845d2dedd2ac41456376cf151fd1adfe0931a71/KeyControllerTest.java
4,4,0,gh-java/before/signal-server/648812a267011a3d98f64fce4ee87d4bd00cd286/AuthorizationHeader.java
3,3,0,gh-java/before/signal-server/b08eb0df5c50afcac204881920c16eea82295200/DeviceController.java
1,1,0,gh-java/before/signal-server/b08eb0df5c50afcac204881920c16eea82295200/PreKeyTest.java
16,0,0,gh-java/before/signal-server/b08eb0df5c50afcac204881920c16eea82295200/Pair.java
1,1,0,gh-java/before/signal-server/b08eb0df5c50afcac204881920c16eea82295200/PendingDeviceRegistrations.java
0,1,0,gh-java/before/signal-server/b08eb0df5c50afcac204881920c16eea82295200/PushSender.java
0,1,0,gh-java/before/signal-server/b08eb0df5c50afcac204881920c16eea82295200/MessageController.java
1,1,0,gh-java/before/signal-server/b08eb0df5c50afcac204881920c16eea82295200/PendingDevicesManager.java
0,3,0,gh-java/before/signal-server/b08eb0df5c50afcac204881920c16eea82295200/FederatedClient.java
5,5,0,gh-java/before/signal-server/b08eb0df5c50afcac204881920c16eea82295200/AccountControllerTest.java
1,1,0,gh-java/before/signal-server/b08eb0df5c50afcac204881920c16eea82295200/StoredMessageManager.java
4,5,0,gh-java/before/signal-server/b08eb0df5c50afcac204881920c16eea82295200/AccountController.java
16,0,0,gh-java/before/signal-server/b08eb0df5c50afcac204881920c16eea82295200/DeviceControllerTest.java
0,1,0,gh-java/before/signal-server/b08eb0df5c50afcac204881920c16eea82295200/FederationController.java
1,2,0,gh-java/before/signal-server/b08eb0df5c50afcac204881920c16eea82295200/StoredMessages.java
1,1,0,gh-java/before/signal-server/b08eb0df5c50afcac204881920c16eea82295200/UnstructuredPreKeyList.java
0,1,0,gh-java/before/signal-server/5a837d44812135172595775f1436df5b2f07750c/DeviceController.java
1,1,0,gh-java/before/signal-server/48fe609d539c5243b4101e0962587fa985623f9f/KeysController.java
13,1,0,gh-java/before/signal-server/8c74ad073b463a6f66140a83451a4fa4711791e2/Pair.java
33,10,0,gh-java/before/signal-server/8c74ad073b463a6f66140a83451a4fa4711791e2/PushSender.java
79,35,0,gh-java/before/signal-server/8c74ad073b463a6f66140a83451a4fa4711791e2/MessageController.java
6,7,0,gh-java/before/signal-server/8c74ad073b463a6f66140a83451a4fa4711791e2/FederatedClient.java
43,9,0,gh-java/before/signal-server/8c74ad073b463a6f66140a83451a4fa4711791e2/FederationController.java
8,3,0,gh-java/before/signal-server/8c74ad073b463a6f66140a83451a4fa4711791e2/MessageResponse.java
1,1,0,gh-java/before/signal-server/f9d7c1de573fb10559fc5bc69b40f02b25f48769/PushSender.java
9,2,0,gh-java/before/signal-server/f9d7c1de573fb10559fc5bc69b40f02b25f48769/StoredMessageManager.java
3,3,0,gh-java/before/signal-server/f9d7c1de573fb10559fc5bc69b40f02b25f48769/StoredMessages.java
2,1,0,gh-java/before/signal-server/918ef4a7ca8362efd45f67636bc8bd094f5a4414/DirectoryManager.java
1,19,0,gh-java/before/signal-server/918ef4a7ca8362efd45f67636bc8bd094f5a4414/IterablePair.java
1,1,0,gh-java/before/signal-server/918ef4a7ca8362efd45f67636bc8bd094f5a4414/MessageController.java
0,4,0,gh-java/before/signal-server/7d8336fd30e1d810a8ce466bd9bdc512633231f5/IncomingMessage.java
421,265,0,gh-java/before/jabref/4031a24c7f5e154881bd67a9209c153a8139d9b8/JabRefFrame.java
5,0,0,gh-java/before/jabref/4031a24c7f5e154881bd67a9209c153a8139d9b8/BibtexEntry.java
0,2,0,gh-java/before/jabref/4031a24c7f5e154881bd67a9209c153a8139d9b8/BibtexEntryType.java
46,6,0,gh-java/before/jabref/4031a24c7f5e154881bd67a9209c153a8139d9b8/Globals.java
4,1,0,gh-java/before/jabref/ea447e78a85454bcd6a5bc51fdb02a9b7de4e24f/JabRefFrame.java
37,1,0,gh-java/before/jabref/ea447e78a85454bcd6a5bc51fdb02a9b7de4e24f/EntryTable.java
80,65,0,gh-java/before/jabref/9afa8d458db7417a101df5ddcba450d744c80d2a/JabRefFrame.java
77,0,0,gh-java/before/jabref/9afa8d458db7417a101df5ddcba450d744c80d2a/ImportFormatReader.java
4,4,0,gh-java/before/jabref/9afa8d458db7417a101df5ddcba450d744c80d2a/Globals.java
6,3,0,gh-java/before/jabref/c38889a0e297ebd4a7c615484f3f591c8a56fb1b/SearchManager.java
1,1,0,gh-java/before/jabref/c17e2955aa4481d4382b86fa9240b8ddd031186a/PrefsDialog2.java
9,8,0,gh-java/before/jabref/7391383f34b641e4df3e906a45be5b0cc128314f/JabRefFrame.java
12,0,0,gh-java/before/jabref/7391383f34b641e4df3e906a45be5b0cc128314f/FileHistory.java
130,64,0,gh-java/before/jabref/1950ca2e2d40ba1697b69fde3528da4b35434895/JabRefFrame.java
1,2,0,gh-java/before/jabref/1950ca2e2d40ba1697b69fde3528da4b35434895/JabRefPreferences.java
39,0,0,gh-java/before/jabref/1950ca2e2d40ba1697b69fde3528da4b35434895/BasePanel.java
2,1,0,gh-java/before/jabref/920355c073f2a5e297da4a0c2fa1de358b692434/GUIGlobals.java
71,94,0,gh-java/before/jabref/920355c073f2a5e297da4a0c2fa1de358b692434/JabRefFrame.java
99,1,0,gh-java/before/jabref/920355c073f2a5e297da4a0c2fa1de358b692434/JabRefPreferences.java
19,6,0,gh-java/before/jabref/920355c073f2a5e297da4a0c2fa1de358b692434/BasePanel.java
2,2,0,gh-java/before/jabref/920355c073f2a5e297da4a0c2fa1de358b692434/JabRef.java
5,0,0,gh-java/before/jabref/920355c073f2a5e297da4a0c2fa1de358b692434/Globals.java
5,0,0,gh-java/before/jabref/6bcce5a5f5e4a7d7e0e89e809b520dffa5acf244/GUIGlobals.java
1,2,0,gh-java/before/jabref/6bcce5a5f5e4a7d7e0e89e809b520dffa5acf244/BibtexEntry.java
7,1,0,gh-java/before/jabref/6bcce5a5f5e4a7d7e0e89e809b520dffa5acf244/BibtexEntryType.java
1,1,0,gh-java/before/jabref/6bcce5a5f5e4a7d7e0e89e809b520dffa5acf244/DatabaseSearch.java
119,89,0,gh-java/before/jabref/f464c140c9965e774a4ed72a333d39ca5729b4c7/JabRefFrame.java
3,1,0,gh-java/before/jabref/f464c140c9965e774a4ed72a333d39ca5729b4c7/SidePaneManager.java
19,6,0,gh-java/before/jabref/f464c140c9965e774a4ed72a333d39ca5729b4c7/FileHistory.java
36,5,0,gh-java/before/jabref/c47ed14696aa03de7ba9e23e0fb037057aa58708/BibDatabase.java
12,0,0,gh-java/before/jabref/c419e49e8e9b9aca11ffc26c7b8d5220d6a54687/BasePanel.java
1,1,0,gh-java/before/jabref/e90239b0cd78cd063d58f85400d6b10b3a71c99b/JabRefPreferences.java
32,1,0,gh-java/before/jabref/e90239b0cd78cd063d58f85400d6b10b3a71c99b/BasePanel.java
4,1,0,gh-java/before/jabref/e90239b0cd78cd063d58f85400d6b10b3a71c99b/FileHistory.java
3,1,0,gh-java/before/jabref/590131d55cc5bc2b2648e484c708a042b974e43b/JabRefFrame.java
2,1,0,gh-java/before/jabref/590131d55cc5bc2b2648e484c708a042b974e43b/JabRefPreferences.java
4,4,0,gh-java/before/jabref/e682cc812c4be1f1296f84b3a258a2b1e78f2985/JabRefFrame.java
15,16,0,gh-java/before/jabref/822d179b540687dee39bcf95cc0c54c11b233816/JabRefFrame.java
84,1,0,gh-java/before/jabref/822d179b540687dee39bcf95cc0c54c11b233816/JabRefPreferences.java
2,12,0,gh-java/before/jabref/822d179b540687dee39bcf95cc0c54c11b233816/EntryTableModel.java
2,1,0,gh-java/before/jabref/4dc4af98e256048d256483a4cfd54db54487d036/BibDatabase.java
8,1,0,gh-java/before/jabref/a3111c73a76fca8b81f88243a5366e1a4d2ef708/JabRefFrame.java
1,0,0,gh-java/before/jabref/a3111c73a76fca8b81f88243a5366e1a4d2ef708/JabRefPreferences.java
46,1,0,gh-java/before/jabref/a3111c73a76fca8b81f88243a5366e1a4d2ef708/BasePanel.java
25,8,0,gh-java/before/jabref/a3111c73a76fca8b81f88243a5366e1a4d2ef708/EntryTypeForm.java
1,1,0,gh-java/before/jabref/2a4542433530341c9235e5de3511543415ef17eb/GUIGlobals.java
18,12,0,gh-java/before/jabref/2a4542433530341c9235e5de3511543415ef17eb/SearchManager.java
13,4,0,gh-java/before/jabref/2a4542433530341c9235e5de3511543415ef17eb/JabRefFrame.java
1,1,0,gh-java/before/jabref/2a4542433530341c9235e5de3511543415ef17eb/BasePanel.java
9,6,0,gh-java/before/jabref/2a4542433530341c9235e5de3511543415ef17eb/DatabaseSearch.java
1,0,0,gh-java/before/jabref/e82b097bfeacb78cba232065ca07600cda596903/GUIGlobals.java
18,0,0,gh-java/before/jabref/e82b097bfeacb78cba232065ca07600cda596903/JabRefFrame.java
180,115,0,gh-java/before/jabref/e82b097bfeacb78cba232065ca07600cda596903/BasePanel.java
2,1,0,gh-java/before/jabref/f0a416aa1206bbf5f69730d52af80e10260c4a53/JabRefFrame.java
1,0,0,gh-java/before/jabref/f0a416aa1206bbf5f69730d52af80e10260c4a53/JabRefPreferences.java
32,0,0,gh-java/before/jabref/f0a416aa1206bbf5f69730d52af80e10260c4a53/Globals.java
17,20,0,gh-java/before/jabref/edb018546aa87e84cadcff1b939d0342dba810e0/GUIGlobals.java
14,2,0,gh-java/before/jabref/edb018546aa87e84cadcff1b939d0342dba810e0/JabRefFrame.java
60,17,0,gh-java/before/jabref/edb018546aa87e84cadcff1b939d0342dba810e0/BasePanel.java
77,2,0,gh-java/before/jabref/009ff4a5e4d6c9b521f55b5a8782c47881cd5534/TablePrefsTab.java
1,1,0,gh-java/before/jabref/009ff4a5e4d6c9b521f55b5a8782c47881cd5534/JabRefFrame.java
6,0,0,gh-java/before/jabref/009ff4a5e4d6c9b521f55b5a8782c47881cd5534/PrefsDialog2.java
3,1,0,gh-java/before/jabref/c88080e2e08f953778cb8cdf7a826b749d41ecc3/JabRefPreferences.java
43,0,0,gh-java/before/jabref/c88080e2e08f953778cb8cdf7a826b749d41ecc3/EntryTypeForm.java
2,1,0,gh-java/before/jabref/c88080e2e08f953778cb8cdf7a826b749d41ecc3/Globals.java
2,0,0,gh-java/before/jabref/3d45f55941a95d5fa932c73abab1fec5b15daff6/GUIGlobals.java
5,0,0,gh-java/before/jabref/3d45f55941a95d5fa932c73abab1fec5b15daff6/JabRefFrame.java
1,1,0,gh-java/before/jabref/3d45f55941a95d5fa932c73abab1fec5b15daff6/JabRefPreferences.java
1,1,0,gh-java/before/jabref/3d45f55941a95d5fa932c73abab1fec5b15daff6/BibtexEntryType.java
6,5,0,gh-java/before/jabref/3d45f55941a95d5fa932c73abab1fec5b15daff6/FileHistory.java
106,48,0,gh-java/before/jabref/3d45f55941a95d5fa932c73abab1fec5b15daff6/EntryTypeForm.java
1,0,0,gh-java/before/jabref/e19263f6605bc3af20a7148ceba637f088fd2116/GUIGlobals.java
17,10,0,gh-java/before/jabref/e19263f6605bc3af20a7148ceba637f088fd2116/JabRefFrame.java
3,2,0,gh-java/before/jabref/e19263f6605bc3af20a7148ceba637f088fd2116/JabRefPreferences.java
26,0,0,gh-java/before/jabref/e19263f6605bc3af20a7148ceba637f088fd2116/JabRefFileChooser.java
40,1,0,gh-java/before/jabref/e19263f6605bc3af20a7148ceba637f088fd2116/BasePanel.java
54,10,0,gh-java/before/jabref/e19263f6605bc3af20a7148ceba637f088fd2116/ImportFormatReader.java
1,1,0,gh-java/before/jabref/e19263f6605bc3af20a7148ceba637f088fd2116/PrefsDialog2.java
4,0,0,gh-java/before/jabref/1beb4c8429b805f0de955b52ac0f23a1334f1642/JabRefFrame.java
8,2,0,gh-java/before/jabref/1beb4c8429b805f0de955b52ac0f23a1334f1642/JabRefPreferences.java
150,4,0,gh-java/before/jabref/1beb4c8429b805f0de955b52ac0f23a1334f1642/BasePanel.java
73,2,0,gh-java/before/jabref/1beb4c8429b805f0de955b52ac0f23a1334f1642/EntryTypeForm.java
37,17,0,gh-java/before/jabref/11ca1abcd62a5ab9553632b1f0ad2950533fc28f/JabRefFrame.java
1,1,0,gh-java/before/jabref/11ca1abcd62a5ab9553632b1f0ad2950533fc28f/PrefsDialog.java
21,11,0,gh-java/before/jabref/fab52f3ad72c18d645d99342da53e024dee9cb86/JabRefFrame.java
2,0,0,gh-java/before/jabref/fab52f3ad72c18d645d99342da53e024dee9cb86/JabRefPreferences.java
29,22,0,gh-java/before/jabref/fab52f3ad72c18d645d99342da53e024dee9cb86/BasePanel.java
1,1,0,gh-java/before/jabref/fab52f3ad72c18d645d99342da53e024dee9cb86/GroupSelector.java
11,5,0,gh-java/before/jabref/fab52f3ad72c18d645d99342da53e024dee9cb86/DatabaseSearch.java
12,13,0,gh-java/before/jabref/fab52f3ad72c18d645d99342da53e024dee9cb86/EntryTable.java
15,15,0,gh-java/before/jabref/f0bc829308c4b8b87783bc359448576709df27ad/GUIGlobals.java
1,1,0,gh-java/before/jabref/f0bc829308c4b8b87783bc359448576709df27ad/BibtexString.java
1,1,0,gh-java/before/jabref/a5613500db6af9ccd3b2e7c67821138b30e46028/QuickSearchRule.java
75,10,0,gh-java/before/jabref/11e4d9c2d92afd57368de64d3ca4067bf2596a8e/TablePrefsTab.java
1,0,0,gh-java/before/jabref/11e4d9c2d92afd57368de64d3ca4067bf2596a8e/JabRefPreferences.java
5,5,0,gh-java/before/jabref/11e4d9c2d92afd57368de64d3ca4067bf2596a8e/PrefsDialog2.java
11,11,0,gh-java/before/jabref/886d740f32489bb8469b5d5b7de5ff3c6e25ff2c/GUIGlobals.java
23,2,0,gh-java/before/jabref/886d740f32489bb8469b5d5b7de5ff3c6e25ff2c/JabRefFrame.java
1,1,0,gh-java/before/jabref/886d740f32489bb8469b5d5b7de5ff3c6e25ff2c/JabRefPreferences.java
29,7,0,gh-java/before/jabref/886d740f32489bb8469b5d5b7de5ff3c6e25ff2c/BasePanel.java
